Build_ID,CPU_Model,GPU_Model,Motherboard_Model,RAM_Capacity,Target_Resolution,Is_Compatible,Bottleneck_Percentage,Primary_Bottleneck_Component
BUILD_0001,AMD Ryzen 7 7800X3D,NVIDIA RTX 4090,MSI MAG B650 Tomahawk,32GB DDR5,4K,Yes,5%,General / Low
BUILD_0002,Intel Core i3-12100F,NVIDIA RTX 4090,ASUS ROG Strix Z790,16GB DDR4,1080p,Yes,54%,CPU Bottleneck
BUILD_0003,AMD Ryzen 5 5600X,AMD Radeon RX 7700 XT,ASUS Prime Z490-A,8GB DDR4,1440p,No,22%,GPU Bottleneck
BUILD_0004,Intel Core i9-14900K,NVIDIA GTX 1660 Super,ASRock B760M,64GB DDR5,4K,Yes,61%,GPU Bottleneck
BUILD_0005,AMD Ryzen 5 7600X,NVIDIA RTX 4070 Ti,MSI MAG B650 Tomahawk,16GB DDR5,1440p,Yes,9%,General / Low
BUILD_0006,Intel Core i7-10700K,AMD Radeon RX 6600,Gigabyte B550 AORUS Elite,16GB DDR4,1080p,No,11%,General / Low
BUILD_0007,AMD Ryzen 7 3700X,NVIDIA RTX 3060,Gigabyte B550 AORUS Elite,32GB DDR4,1440p,Yes,8%,General / Low
BUILD_0008,Intel Core i5-13600K,AMD Radeon RX 7900 XTX,ASUS ROG Strix Z790,32GB DDR5,1440p,Yes,18%,CPU Bottleneck
BUILD_0009,AMD Ryzen 7 7800X3D,NVIDIA GTX 1660 Super,MSI MAG B650 Tomahawk,16GB DDR5,4K,Yes,58%,GPU Bottleneck
BUILD_0010,Intel Core i3-12100F,AMD Radeon RX 7700 XT,ASRock B760M,8GB DDR4,1080p,Yes,27%,CPU Bottleneck
BUILD_0011,AMD Ryzen 5 5600X,NVIDIA RTX 4090,Gigabyte B550 AORUS Elite,32GB DDR4,1080p,Yes,49%,CPU Bottleneck
BUILD_0012,Intel Core i9-14900K,NVIDIA RTX 4070 Ti,ASUS ROG Strix Z790,32GB DDR5,1440p,Yes,14%,CPU Bottleneck
BUILD_0013,AMD Ryzen 5 7600X,AMD Radeon RX 6600,MSI MAG B650 Tomahawk,16GB DDR5,1080p,Yes,21%,CPU Bottleneck
BUILD_0014,Intel Core i7-10700K,NVIDIA RTX 3060,ASUS Prime Z490-A,16GB DDR4,1440p,Yes,10%,General / Low
BUILD_0015,AMD Ryzen 7 3700X,AMD Radeon RX 7900 XTX,Gigabyte B550 AORUS Elite,32GB DDR4,4K,Yes,44%,GPU Bottleneck
BUILD_0016,Intel Core i5-13600K,NVIDIA GTX 1660 Super,ASRock B760M,16GB DDR4,1080p,Yes,29%,GPU Bottleneck
BUILD_0017,AMD Ryzen 7 7800X3D,AMD Radeon RX 7700 XT,MSI MAG B650 Tomahawk,32GB DDR5,1440p,Yes,19%,CPU Bottleneck
BUILD_0018,Intel Core i3-12100F,NVIDIA RTX 4070 Ti,ASUS ROG Strix Z790,8GB DDR4,1080p,Yes,31%,CPU Bottleneck
BUILD_0019,AMD Ryzen 5 5600X,AMD Radeon RX 6600,Gigabyte B550 AORUS Elite,16GB DDR4,1080p,Yes,6%,General / Low
BUILD_0020,Intel Core i9-14900K,NVIDIA RTX 3060,ASRock B760M,64GB DDR5,1440p,Yes,26%,GPU Bottleneck
BUILD_0021,AMD Ryzen 5 7600X,AMD Radeon RX 7900 XTX,MSI MAG B650 Tomahawk,32GB DDR5,4K,Yes,22%,GPU Bottleneck
BUILD_0022,Intel Core i7-10700K,NVIDIA GTX 1660 Super,ASUS Prime Z490-A,16GB DDR4,1080p,Yes,7%,General / Low
BUILD_0023,AMD Ryzen 7 3700X,NVIDIA RTX 4090,Gigabyte B550 AORUS Elite,32GB DDR4,1080p,Yes,52%,CPU Bottleneck
BUILD_0024,Intel Core i5-13600K,AMD Radeon RX 7700 XT,ASRock B760M,16GB DDR5,1440p,Yes,5%,General / Low
BUILD_0025,AMD Ryzen 7 7800X3D,NVIDIA RTX 4070 Ti,MSI MAG B650 Tomahawk,32GB DDR5,1440p,Yes,16%,CPU Bottleneck
BUILD_0026,Intel Core i3-12100F,AMD Radeon RX 6600,ASUS ROG Strix Z790,16GB DDR4,1080p,Yes,11%,General / Low
BUILD_0027,AMD Ryzen 5 5600X,NVIDIA RTX 3060,Gigabyte B550 AORUS Elite,16GB DDR4,1440p,Yes,10%,General / Low
BUILD_0028,Intel Core i9-14900K,AMD Radeon RX 7900 XTX,ASRock B760M,32GB DDR5,4K,Yes,4%,General / Low
BUILD_0029,AMD Ryzen 5 7600X,NVIDIA GTX 1660 Super,MSI MAG B650 Tomahawk,16GB DDR5,1080p,Yes,24%,GPU Bottleneck
BUILD_0030,Intel Core i7-10700K,NVIDIA RTX 4090,ASUS Prime Z490-A,32GB DDR4,1080p,Yes,47%,CPU Bottleneck
BUILD_0031,AMD Ryzen 7 3700X,AMD Radeon RX 7700 XT,Gigabyte B550 AORUS Elite,16GB DDR4,1440p,Yes,18%,CPU Bottleneck
BUILD_0032,Intel Core i5-13600K,NVIDIA RTX 4070 Ti,ASRock B760M,32GB DDR5,1440p,Yes,7%,General / Low
BUILD_0033,AMD Ryzen 7 7800X3D,AMD Radeon RX 6600,MSI MAG B650 Tomahawk,32GB DDR5,1080p,Yes,28%,CPU Bottleneck
BUILD_0034,Intel Core i3-12100F,NVIDIA RTX 3060,ASUS ROG Strix Z790,16GB DDR4,1440p,Yes,15%,GPU Bottleneck
BUILD_0035,AMD Ryzen 5 5600X,AMD Radeon RX 7900 XTX,Gigabyte B550 AORUS Elite,32GB DDR4,4K,Yes,41%,GPU Bottleneck
BUILD_0036,Intel Core i9-14900K,NVIDIA GTX 1660 Super,ASRock B760M,32GB DDR5,1080p,Yes,33%,GPU Bottleneck
BUILD_0037,AMD Ryzen 5 7600X,NVIDIA RTX 4090,MSI MAG B650 Tomahawk,32GB DDR5,1080p,Yes,29%,CPU Bottleneck
BUILD_0038,Intel Core i7-10700K,AMD Radeon RX 7700 XT,ASUS Prime Z490-A,16GB DDR4,1440p,Yes,14%,CPU Bottleneck
BUILD_0039,AMD Ryzen 7 3700X,NVIDIA RTX 4070 Ti,Gigabyte B550 AORUS Elite,32GB DDR4,1440p,Yes,25%,CPU Bottleneck
BUILD_0040,Intel Core i5-13600K,AMD Radeon RX 6600,ASRock B760M,16GB DDR5,1080p,Yes,19%,CPU Bottleneck
BUILD_0041,AMD Ryzen 7 7800X3D,NVIDIA RTX 3060,MSI MAG B650 Tomahawk,32GB DDR5,1440p,Yes,22%,GPU Bottleneck
BUILD_0042,Intel Core i3-12100F,AMD Radeon RX 7900 XTX,ASUS ROG Strix Z790,16GB DDR4,4K,Yes,55%,GPU Bottleneck
BUILD_0043,AMD Ryzen 5 5600X,NVIDIA GTX 1660 Super,Gigabyte B550 AORUS Elite,16GB DDR4,1080p,Yes,12%,General / Low
BUILD_0044,Intel Core i9-14900K,NVIDIA RTX 4090,ASUS ROG Strix Z790,64GB DDR5,4K,Yes,3%,General / Low
BUILD_0045,AMD Ryzen 5 7600X,AMD Radeon RX 7700 XT,MSI MAG B650 Tomahawk,16GB DDR5,1440p,Yes,6%,General / Low
BUILD_0046,Intel Core i7-10700K,NVIDIA RTX 4070 Ti,ASUS Prime Z490-A,32GB DDR4,1440p,Yes,21%,CPU Bottleneck
BUILD_0047,AMD Ryzen 7 3700X,AMD Radeon RX 6600,Gigabyte B550 AORUS Elite,16GB DDR4,1080p,Yes,5%,General / Low
BUILD_0048,Intel Core i5-13600K,NVIDIA RTX 3060,ASRock B760M,32GB DDR5,1440p,Yes,17%,GPU Bottleneck
BUILD_0049,AMD Ryzen 7 7800X3D,AMD Radeon RX 7900 XTX,MSI MAG B650 Tomahawk,32GB DDR5,4K,Yes,7%,General / Low
BUILD_0050,Intel Core i3-12100F,NVIDIA GTX 1660 Super,ASUS ROG Strix Z790,8GB DDR4,1080p,Yes,9%,General / Low
BUILD_0051,AMD Ryzen 5 5600X,NVIDIA RTX 4090,ASUS Prime Z490-A,16GB DDR4,1080p,No,42%,CPU Bottleneck
BUILD_0052,Intel Core i9-14900K,AMD Radeon RX 7700 XT,ASRock B760M,32GB DDR5,1440p,Yes,24%,GPU Bottleneck
BUILD_0053,AMD Ryzen 5 7600X,NVIDIA RTX 4070 Ti,MSI MAG B650 Tomahawk,16GB DDR5,1440p,Yes,11%,General / Low
BUILD_0054,Intel Core i7-10700K,AMD Radeon RX 6600,ASUS Prime Z490-A,16GB DDR4,1080p,Yes,10%,General / Low
BUILD_0055,AMD Ryzen 7 3700X,NVIDIA RTX 3060,Gigabyte B550 AORUS Elite,32GB DDR4,1440p,Yes,11%,General / Low
BUILD_0056,Intel Core i5-13600K,AMD Radeon RX 7900 XTX,ASRock B760M,32GB DDR5,1440p,Yes,15%,CPU Bottleneck
BUILD_0057,AMD Ryzen 7 7800X3D,NVIDIA GTX 1660 Super,MSI MAG B650 Tomahawk,16GB DDR5,4K,Yes,48%,GPU Bottleneck
BUILD_0058,Intel Core i3-12100F,AMD Radeon RX 7700 XT,ASUS ROG Strix Z790,8GB DDR4,1080p,Yes,33%,CPU Bottleneck
BUILD_0059,AMD Ryzen 5 5600X,NVIDIA RTX 4090,Gigabyte B550 AORUS Elite,32GB DDR4,1080p,Yes,51%,CPU Bottleneck
BUILD_0060,Intel Core i9-14900K,NVIDIA RTX 4070 Ti,ASUS ROG Strix Z790,32GB DDR5,1440p,Yes,6%,General / Low
BUILD_0061,AMD Ryzen 5 7600X,AMD Radeon RX 6600,MSI MAG B650 Tomahawk,16GB DDR5,1080p,Yes,9%,General / Low
BUILD_0062,Intel Core i7-10700K,NVIDIA RTX 3060,ASUS Prime Z490-A,16GB DDR4,1440p,Yes,10%,General / Low
BUILD_0063,AMD Ryzen 7 3700X,AMD Radeon RX 7900 XTX,Gigabyte B550 AORUS Elite,32GB DDR4,4K,Yes,45%,GPU Bottleneck
BUILD_0064,Intel Core i5-13600K,NVIDIA GTX 1660 Super,ASRock B760M,16GB DDR4,1080p,Yes,31%,GPU Bottleneck
BUILD_0065,AMD Ryzen 7 7800X3D,AMD Radeon RX 7700 XT,MSI MAG B650 Tomahawk,32GB DDR5,1440p,Yes,23%,CPU Bottleneck
BUILD_0066,Intel Core i3-12100F,NVIDIA RTX 4070 Ti,ASUS ROG Strix Z790,8GB DDR4,1080p,Yes,35%,CPU Bottleneck
BUILD_0067,AMD Ryzen 5 5600X,AMD Radeon RX 6600,Gigabyte B550 AORUS Elite,16GB DDR4,1080p,Yes,7%,General / Low
BUILD_0068,Intel Core i9-14900K,NVIDIA RTX 3060,ASRock B760M,64GB DDR5,1440p,Yes,28%,GPU Bottleneck
BUILD_0069,AMD Ryzen 5 7600X,AMD Radeon RX 7900 XTX,MSI MAG B650 Tomahawk,32GB DDR5,4K,Yes,24%,GPU Bottleneck
BUILD_0070,Intel Core i7-10700K,NVIDIA GTX 1660 Super,ASUS Prime Z490-A,16GB DDR4,1080p,Yes,8%,General / Low
BUILD_0071,AMD Ryzen 7 3700X,NVIDIA RTX 4090,Gigabyte B550 AORUS Elite,32GB DDR4,1080p,Yes,55%,CPU Bottleneck
BUILD_0072,Intel Core i5-13600K,AMD Radeon RX 7700 XT,ASRock B760M,16GB DDR5,1440p,Yes,4%,General / Low
BUILD_0073,AMD Ryzen 7 7800X3D,NVIDIA RTX 4070 Ti,MSI MAG B650 Tomahawk,32GB DDR5,1440p,Yes,19%,CPU Bottleneck
BUILD_0074,Intel Core i3-12100F,AMD Radeon RX 6600,ASUS ROG Strix Z790,16GB DDR4,1080p,Yes,12%,General / Low
BUILD_0075,AMD Ryzen 5 5600X,NVIDIA RTX 3060,Gigabyte B550 AORUS Elite,16GB DDR4,1440p,Yes,11%,General / Low
BUILD_0076,Intel Core i9-14900K,AMD Radeon RX 7900 XTX,ASRock B760M,32GB DDR5,4K,Yes,3%,General / Low
BUILD_0077,AMD Ryzen 5 7600X,NVIDIA GTX 1660 Super,MSI MAG B650 Tomahawk,16GB DDR5,1080p,Yes,26%,GPU Bottleneck
BUILD_0078,Intel Core i7-10700K,NVIDIA RTX 4090,ASUS Prime Z490-A,32GB DDR4,1080p,Yes,49%,CPU Bottleneck
BUILD_0079,AMD Ryzen 7 3700X,AMD Radeon RX 7700 XT,Gigabyte B550 AORUS Elite,16GB DDR4,1440p,Yes,21%,CPU Bottleneck
BUILD_0080,Intel Core i5-13600K,NVIDIA RTX 4070 Ti,ASRock B760M,32GB DDR5,1440p,Yes,6%,General / Low
BUILD_0081,AMD Ryzen 7 7800X3D,AMD Radeon RX 6600,MSI MAG B650 Tomahawk,32GB DDR5,1080p,Yes,30%,CPU Bottleneck
BUILD_0082,Intel Core i3-12100F,NVIDIA RTX 3060,ASUS ROG Strix Z790,16GB DDR4,1440p,Yes,17%,GPU Bottleneck
BUILD_0083,AMD Ryzen 5 5600X,AMD Radeon RX 7900 XTX,Gigabyte B550 AORUS Elite,32GB DDR4,4K,Yes,43%,GPU Bottleneck
BUILD_0084,Intel Core i9-14900K,NVIDIA GTX 1660 Super,ASRock B760M,32GB DDR5,1080p,Yes,35%,GPU Bottleneck
BUILD_0085,AMD Ryzen 5 7600X,NVIDIA RTX 4090,MSI MAG B650 Tomahawk,32GB DDR5,1080p,Yes,31%,CPU Bottleneck
BUILD_0086,Intel Core i7-10700K,AMD Radeon RX 7700 XT,ASUS Prime Z490-A,16GB DDR4,1440p,Yes,16%,CPU Bottleneck
BUILD_0087,AMD Ryzen 7 3700X,NVIDIA RTX 4070 Ti,Gigabyte B550 AORUS Elite,32GB DDR4,1440p,Yes,27%,CPU Bottleneck
BUILD_0088,Intel Core i5-13600K,AMD Radeon RX 6600,ASRock B760M,16GB DDR5,1080p,Yes,21%,CPU Bottleneck
BUILD_0089,AMD Ryzen 7 7800X3D,NVIDIA RTX 3060,MSI MAG B650 Tomahawk,32GB DDR5,1440p,Yes,24%,GPU Bottleneck
BUILD_0090,Intel Core i3-12100F,AMD Radeon RX 7900 XTX,ASUS ROG Strix Z790,16GB DDR4,4K,Yes,57%,GPU Bottleneck
BUILD_0091,AMD Ryzen 5 5600X,NVIDIA GTX 1660 Super,Gigabyte B550 AORUS Elite,16GB DDR4,1080p,Yes,14%,General / Low
BUILD_0092,Intel Core i9-14900K,NVIDIA RTX 4090,ASUS ROG Strix Z790,64GB DDR5,4K,Yes,4%,General / Low
BUILD_0093,AMD Ryzen 5 7600X,AMD Radeon RX 7700 XT,MSI MAG B650 Tomahawk,16GB DDR5,1440p,Yes,8%,General / Low
BUILD_0094,Intel Core i7-10700K,NVIDIA RTX 4070 Ti,ASUS Prime Z490-A,32GB DDR4,1440p,Yes,23%,CPU Bottleneck
BUILD_0095,AMD Ryzen 7 3700X,AMD Radeon RX 6600,Gigabyte B550 AORUS Elite,16GB DDR4,1080p,Yes,7%,General / Low
BUILD_0096,Intel Core i5-13600K,NVIDIA RTX 3060,ASRock B760M,32GB DDR5,1440p,Yes,19%,GPU Bottleneck
BUILD_0097,AMD Ryzen 7 7800X3D,AMD Radeon RX 7900 XTX,MSI MAG B650 Tomahawk,32GB DDR5,4K,Yes,9%,General / Low
BUILD_0098,Intel Core i3-12100F,NVIDIA GTX 1660 Super,ASUS ROG Strix Z790,8GB DDR4,1080p,Yes,11%,General / Low
BUILD_0099,AMD Ryzen 5 5600X,NVIDIA RTX 4090,ASUS Prime Z490-A,16GB DDR4,1080p,No,44%,CPU Bottleneck
BUILD_0100,Intel Core i9-14900K,AMD Radeon RX 7700 XT,ASRock B760M,32GB DDR5,1440p,Yes,26%,GPU Bottleneck
BUILD_0101,AMD Ryzen 7 7800X3D,NVIDIA RTX 4090,MSI MAG B650 Tomahawk,32GB DDR5,4K,Yes,6%,General / Low
BUILD_0102,Intel Core i3-12100F,NVIDIA RTX 4090,ASUS ROG Strix Z790,16GB DDR4,1080p,Yes,55%,CPU Bottleneck
BUILD_0103,AMD Ryzen 5 5600X,AMD Radeon RX 7700 XT,ASUS Prime Z490-A,8GB DDR4,1440p,No,24%,GPU Bottleneck
BUILD_0104,Intel Core i9-14900K,NVIDIA GTX 1660 Super,ASRock B760M,64GB DDR5,4K,Yes,63%,GPU Bottleneck
BUILD_0105,AMD Ryzen 5 7600X,NVIDIA RTX 4070 Ti,MSI MAG B650 Tomahawk,16GB DDR5,1440p,Yes,11%,General / Low
BUILD_0106,Intel Core i7-10700K,AMD Radeon RX 6600,Gigabyte B550 AORUS Elite,16GB DDR4,1080p,No,12%,General / Low
BUILD_0107,AMD Ryzen 7 3700X,NVIDIA RTX 3060,Gigabyte B550 AORUS Elite,32GB DDR4,1440p,Yes,9%,General / Low
BUILD_0108,Intel Core i5-13600K,AMD Radeon RX 7900 XTX,ASUS ROG Strix Z790,32GB DDR5,1440p,Yes,19%,CPU Bottleneck
BUILD_0109,AMD Ryzen 7 7800X3D,NVIDIA GTX 1660 Super,MSI MAG B650 Tomahawk,16GB DDR5,4K,Yes,59%,GPU Bottleneck
BUILD_0110,Intel Core i3-12100F,AMD Radeon RX 7700 XT,ASRock B760M,8GB DDR4,1080p,Yes,28%,CPU Bottleneck
BUILD_0111,AMD Ryzen 5 5600X,NVIDIA RTX 4090,Gigabyte B550 AORUS Elite,32GB DDR4,1080p,Yes,50%,CPU Bottleneck
BUILD_0112,Intel Core i9-14900K,NVIDIA RTX 4070 Ti,ASUS ROG Strix Z790,32GB DDR5,1440p,Yes,15%,CPU Bottleneck
BUILD_0113,AMD Ryzen 5 7600X,AMD Radeon RX 6600,MSI MAG B650 Tomahawk,16GB DDR5,1080p,Yes,22%,CPU Bottleneck
BUILD_0114,Intel Core i7-10700K,NVIDIA RTX 3060,ASUS Prime Z490-A,16GB DDR4,1440p,Yes,11%,General / Low
BUILD_0115,AMD Ryzen 7 3700X,AMD Radeon RX 7900 XTX,Gigabyte B550 AORUS Elite,32GB DDR4,4K,Yes,45%,GPU Bottleneck
BUILD_0116,Intel Core i5-13600K,NVIDIA GTX 1660 Super,ASRock B760M,16GB DDR4,1080p,Yes,30%,GPU Bottleneck
BUILD_0117,AMD Ryzen 7 7800X3D,AMD Radeon RX 7700 XT,MSI MAG B650 Tomahawk,32GB DDR5,1440p,Yes,20%,CPU Bottleneck
BUILD_0118,Intel Core i3-12100F,NVIDIA RTX 4070 Ti,ASUS ROG Strix Z790,8GB DDR4,1080p,Yes,32%,CPU Bottleneck
BUILD_0119,AMD Ryzen 5 5600X,AMD Radeon RX 6600,Gigabyte B550 AORUS Elite,16GB DDR4,1080p,Yes,7%,General / Low
BUILD_0120,Intel Core i9-14900K,NVIDIA RTX 3060,ASRock B760M,64GB DDR5,1440p,Yes,27%,GPU Bottleneck
BUILD_0121,AMD Ryzen 5 7600X,AMD Radeon RX 7900 XTX,MSI MAG B650 Tomahawk,32GB DDR5,4K,Yes,23%,GPU Bottleneck
BUILD_0122,Intel Core i7-10700K,NVIDIA GTX 1660 Super,ASUS Prime Z490-A,16GB DDR4,1080p,Yes,8%,General / Low
BUILD_0123,AMD Ryzen 7 3700X,NVIDIA RTX 4090,Gigabyte B550 AORUS Elite,32GB DDR4,1080p,Yes,53%,CPU Bottleneck
BUILD_0124,Intel Core i5-13600K,AMD Radeon RX 7700 XT,ASRock B760M,16GB DDR5,1440p,Yes,6%,General / Low
BUILD_0125,AMD Ryzen 7 7800X3D,NVIDIA RTX 4070 Ti,MSI MAG B650 Tomahawk,32GB DDR5,1440p,Yes,17%,CPU Bottleneck
BUILD_0126,Intel Core i3-12100F,AMD Radeon RX 6600,ASUS ROG Strix Z790,16GB DDR4,1080p,Yes,12%,General / Low
BUILD_0127,AMD Ryzen 5 5600X,NVIDIA RTX 3060,Gigabyte B550 AORUS Elite,16GB DDR4,1440p,Yes,11%,General / Low
BUILD_0128,Intel Core i9-14900K,AMD Radeon RX 7900 XTX,ASRock B760M,32GB DDR5,4K,Yes,5%,General / Low
BUILD_0129,AMD Ryzen 5 7600X,NVIDIA GTX 1660 Super,MSI MAG B650 Tomahawk,16GB DDR5,1080p,Yes,25%,GPU Bottleneck
BUILD_0130,Intel Core i7-10700K,NVIDIA RTX 4090,ASUS Prime Z490-A,32GB DDR4,1080p,Yes,48%,CPU Bottleneck
BUILD_0131,AMD Ryzen 7 3700X,AMD Radeon RX 7700 XT,Gigabyte B550 AORUS Elite,16GB DDR4,1440p,Yes,19%,CPU Bottleneck
BUILD_0132,Intel Core i5-13600K,NVIDIA RTX 4070 Ti,ASRock B760M,32GB DDR5,1440p,Yes,8%,General / Low
BUILD_0133,AMD Ryzen 7 7800X3D,AMD Radeon RX 6600,MSI MAG B650 Tomahawk,32GB DDR5,1080p,Yes,29%,CPU Bottleneck
BUILD_0134,Intel Core i3-12100F,NVIDIA RTX 3060,ASUS ROG Strix Z790,16GB DDR4,1440p,Yes,16%,GPU Bottleneck
BUILD_0135,AMD Ryzen 5 5600X,AMD Radeon RX 7900 XTX,Gigabyte B550 AORUS Elite,32GB DDR4,4K,Yes,42%,GPU Bottleneck
BUILD_0136,Intel Core i9-14900K,NVIDIA GTX 1660 Super,ASRock B760M,32GB DDR5,1080p,Yes,34%,GPU Bottleneck
BUILD_0137,AMD Ryzen 5 7600X,NVIDIA RTX 4090,MSI MAG B650 Tomahawk,32GB DDR5,1080p,Yes,30%,CPU Bottleneck
BUILD_0138,Intel Core i7-10700K,AMD Radeon RX 7700 XT,ASUS Prime Z490-A,16GB DDR4,1440p,Yes,15%,CPU Bottleneck
BUILD_0139,AMD Ryzen 7 3700X,NVIDIA RTX 4070 Ti,Gigabyte B550 AORUS Elite,32GB DDR4,1440p,Yes,26%,CPU Bottleneck
BUILD_0140,Intel Core i5-13600K,AMD Radeon RX 6600,ASRock B760M,16GB DDR5,1080p,Yes,20%,CPU Bottleneck
BUILD_0141,AMD Ryzen 7 7800X3D,NVIDIA RTX 3060,MSI MAG B650 Tomahawk,32GB DDR5,1440p,Yes,23%,GPU Bottleneck
BUILD_0142,Intel Core i3-12100F,AMD Radeon RX 7900 XTX,ASUS ROG Strix Z790,16GB DDR4,4K,Yes,56%,GPU Bottleneck
BUILD_0143,AMD Ryzen 5 5600X,NVIDIA GTX 1660 Super,Gigabyte B550 AORUS Elite,16GB DDR4,1080p,Yes,13%,General / Low
BUILD_0144,Intel Core i9-14900K,NVIDIA RTX 4090,ASUS ROG Strix Z790,64GB DDR5,4K,Yes,4%,General / Low
BUILD_0145,AMD Ryzen 5 7600X,AMD Radeon RX 7700 XT,MSI MAG B650 Tomahawk,16GB DDR5,1440p,Yes,7%,General / Low
BUILD_0146,Intel Core i7-10700K,NVIDIA RTX 4070 Ti,ASUS Prime Z490-A,32GB DDR4,1440p,Yes,22%,CPU Bottleneck
BUILD_0147,AMD Ryzen 7 3700X,AMD Radeon RX 6600,Gigabyte B550 AORUS Elite,16GB DDR4,1080p,Yes,6%,General / Low
BUILD_0148,Intel Core i5-13600K,NVIDIA RTX 3060,ASRock B760M,32GB DDR5,1440p,Yes,18%,GPU Bottleneck
BUILD_0149,AMD Ryzen 7 7800X3D,AMD Radeon RX 7900 XTX,MSI MAG B650 Tomahawk,32GB DDR5,4K,Yes,8%,General / Low
BUILD_0150,Intel Core i3-12100F,NVIDIA GTX 1660 Super,ASUS ROG Strix Z790,8GB DDR4,1080p,Yes,10%,General / Low
BUILD_0151,AMD Ryzen 5 5600X,NVIDIA RTX 4090,ASUS Prime Z490-A,16GB DDR4,1080p,No,43%,CPU Bottleneck
BUILD_0152,Intel Core i9-14900K,AMD Radeon RX 7700 XT,ASRock B760M,32GB DDR5,1440p,Yes,25%,GPU Bottleneck
BUILD_0153,AMD Ryzen 5 7600X,NVIDIA RTX 4070 Ti,MSI MAG B650 Tomahawk,16GB DDR5,1440p,Yes,12%,General / Low
BUILD_0154,Intel Core i7-10700K,AMD Radeon RX 6600,ASUS Prime Z490-A,16GB DDR4,1080p,Yes,11%,General / Low
BUILD_0155,AMD Ryzen 7 3700X,NVIDIA RTX 3060,Gigabyte B550 AORUS Elite,32GB DDR4,1440p,Yes,12%,General / Low
BUILD_0156,Intel Core i5-13600K,AMD Radeon RX 7900 XTX,ASRock B760M,32GB DDR5,1440p,Yes,16%,CPU Bottleneck
BUILD_0157,AMD Ryzen 7 7800X3D,NVIDIA GTX 1660 Super,MSI MAG B650 Tomahawk,16GB DDR5,4K,Yes,49%,GPU Bottleneck
BUILD_0158,Intel Core i3-12100F,AMD Radeon RX 7700 XT,ASUS ROG Strix Z790,8GB DDR4,1080p,Yes,34%,CPU Bottleneck
BUILD_0159,AMD Ryzen 5 5600X,NVIDIA RTX 4090,Gigabyte B550 AORUS Elite,32GB DDR4,1080p,Yes,52%,CPU Bottleneck
BUILD_0160,Intel Core i9-14900K,NVIDIA RTX 4070 Ti,ASUS ROG Strix Z790,32GB DDR5,1440p,Yes,7%,General / Low
BUILD_0161,AMD Ryzen 5 7600X,AMD Radeon RX 6600,MSI MAG B650 Tomahawk,16GB DDR5,1080p,Yes,10%,General / Low
BUILD_0162,Intel Core i7-10700K,NVIDIA RTX 3060,ASUS Prime Z490-A,16GB DDR4,1440p,Yes,11%,General / Low
BUILD_0163,AMD Ryzen 7 3700X,AMD Radeon RX 7900 XTX,Gigabyte B550 AORUS Elite,32GB DDR4,4K,Yes,46%,GPU Bottleneck
BUILD_0164,Intel Core i5-13600K,NVIDIA GTX 1660 Super,ASRock B760M,16GB DDR4,1080p,Yes,32%,GPU Bottleneck
BUILD_0165,AMD Ryzen 7 7800X3D,AMD Radeon RX 7700 XT,MSI MAG B650 Tomahawk,32GB DDR5,1440p,Yes,24%,CPU Bottleneck
BUILD_0166,Intel Core i3-12100F,NVIDIA RTX 4070 Ti,ASUS ROG Strix Z790,8GB DDR4,1080p,Yes,36%,CPU Bottleneck
BUILD_0167,AMD Ryzen 5 5600X,AMD Radeon RX 6600,Gigabyte B550 AORUS Elite,16GB DDR4,1080p,Yes,8%,General / Low
BUILD_0168,Intel Core i9-14900K,NVIDIA RTX 3060,ASRock B760M,64GB DDR5,1440p,Yes,29%,GPU Bottleneck
BUILD_0169,AMD Ryzen 5 7600X,AMD Radeon RX 7900 XTX,MSI MAG B650 Tomahawk,32GB DDR5,4K,Yes,25%,GPU Bottleneck
BUILD_0170,Intel Core i7-10700K,NVIDIA GTX 1660 Super,ASUS Prime Z490-A,16GB DDR4,1080p,Yes,9%,General / Low
BUILD_0171,AMD Ryzen 7 3700X,NVIDIA RTX 4090,Gigabyte B550 AORUS Elite,32GB DDR4,1080p,Yes,56%,CPU Bottleneck
BUILD_0172,Intel Core i5-13600K,AMD Radeon RX 7700 XT,ASRock B760M,16GB DDR5,1440p,Yes,5%,General / Low
BUILD_0173,AMD Ryzen 7 7800X3D,NVIDIA RTX 4070 Ti,MSI MAG B650 Tomahawk,32GB DDR5,1440p,Yes,20%,CPU Bottleneck
BUILD_0174,Intel Core i3-12100F,AMD Radeon RX 6600,ASUS ROG Strix Z790,16GB DDR4,1080p,Yes,13%,General / Low
BUILD_0175,AMD Ryzen 5 5600X,NVIDIA RTX 3060,Gigabyte B550 AORUS Elite,16GB DDR4,1440p,Yes,12%,General / Low
BUILD_0176,Intel Core i9-14900K,AMD Radeon RX 7900 XTX,ASRock B760M,32GB DDR5,4K,Yes,4%,General / Low
BUILD_0177,AMD Ryzen 5 7600X,NVIDIA GTX 1660 Super,MSI MAG B650 Tomahawk,16GB DDR5,1080p,Yes,27%,GPU Bottleneck
BUILD_0178,Intel Core i7-10700K,NVIDIA RTX 4090,ASUS Prime Z490-A,32GB DDR4,1080p,Yes,50%,CPU Bottleneck
BUILD_0179,AMD Ryzen 7 3700X,AMD Radeon RX 7700 XT,Gigabyte B550 AORUS Elite,16GB DDR4,1440p,Yes,22%,CPU Bottleneck
BUILD_0180,Intel Core i5-13600K,NVIDIA RTX 4070 Ti,ASRock B760M,32GB DDR5,1440p,Yes,7%,General / Low
BUILD_0181,AMD Ryzen 7 7800X3D,AMD Radeon RX 6600,MSI MAG B650 Tomahawk,32GB DDR5,1080p,Yes,31%,CPU Bottleneck
BUILD_0182,Intel Core i3-12100F,NVIDIA RTX 3060,ASUS ROG Strix Z790,16GB DDR4,1440p,Yes,18%,GPU Bottleneck
BUILD_0183,AMD Ryzen 5 5600X,AMD Radeon RX 7900 XTX,Gigabyte B550 AORUS Elite,32GB DDR4,4K,Yes,44%,GPU Bottleneck
BUILD_0184,Intel Core i9-14900K,NVIDIA GTX 1660 Super,ASRock B760M,32GB DDR5,1080p,Yes,36%,GPU Bottleneck
BUILD_0185,AMD Ryzen 5 7600X,NVIDIA RTX 4090,MSI MAG B650 Tomahawk,32GB DDR5,1080p,Yes,32%,CPU Bottleneck
BUILD_0186,Intel Core i7-10700K,AMD Radeon RX 7700 XT,ASUS Prime Z490-A,16GB DDR4,1440p,Yes,17%,CPU Bottleneck
BUILD_0187,AMD Ryzen 7 3700X,NVIDIA RTX 4070 Ti,Gigabyte B550 AORUS Elite,32GB DDR4,1440p,Yes,28%,CPU Bottleneck
BUILD_0188,Intel Core i5-13600K,AMD Radeon RX 6600,ASRock B760M,16GB DDR5,1080p,Yes,22%,CPU Bottleneck
BUILD_0189,AMD Ryzen 7 7800X3D,NVIDIA RTX 3060,MSI MAG B650 Tomahawk,32GB DDR5,1440p,Yes,25%,GPU Bottleneck
BUILD_0190,Intel Core i3-12100F,AMD Radeon RX 7900 XTX,ASUS ROG Strix Z790,16GB DDR4,4K,Yes,58%,GPU Bottleneck
BUILD_0191,AMD Ryzen 5 5600X,NVIDIA GTX 1660 Super,Gigabyte B550 AORUS Elite,16GB DDR4,1080p,Yes,15%,General / Low
BUILD_0192,Intel Core i9-14900K,NVIDIA RTX 4090,ASUS ROG Strix Z790,64GB DDR5,4K,Yes,5%,General / Low
BUILD_0193,AMD Ryzen 5 7600X,AMD Radeon RX 7700 XT,MSI MAG B650 Tomahawk,16GB DDR5,1440p,Yes,9%,General / Low
BUILD_0194,Intel Core i7-10700K,NVIDIA RTX 4070 Ti,ASUS Prime Z490-A,32GB DDR4,1440p,Yes,24%,CPU Bottleneck
BUILD_0195,AMD Ryzen 7 3700X,AMD Radeon RX 6600,Gigabyte B550 AORUS Elite,16GB DDR4,1080p,Yes,8%,General / Low
BUILD_0196,Intel Core i5-13600K,NVIDIA RTX 3060,ASRock B760M,32GB DDR5,1440p,Yes,20%,GPU Bottleneck
BUILD_0197,AMD Ryzen 7 7800X3D,AMD Radeon RX 7900 XTX,MSI MAG B650 Tomahawk,32GB DDR5,4K,Yes,10%,General / Low
BUILD_0198,Intel Core i3-12100F,NVIDIA GTX 1660 Super,ASUS ROG Strix Z790,8GB DDR4,1080p,Yes,12%,General / Low
BUILD_0199,AMD Ryzen 5 5600X,NVIDIA RTX 4090,ASUS Prime Z490-A,16GB DDR4,1080p,No,45%,CPU Bottleneck
BUILD_0200,Intel Core i9-14900K,AMD Radeon RX 7700 XT,ASRock B760M,32GB DDR5,1440p,Yes,27%,GPU Bottleneck
BUILD_0201,AMD Ryzen 5 7600X,NVIDIA RTX 4070 Ti,MSI MAG B650 Tomahawk,16GB DDR5,1440p,Yes,13%,General / Low
BUILD_0202,Intel Core i7-10700K,AMD Radeon RX 6600,ASUS Prime Z490-A,16GB DDR4,1080p,Yes,12%,General / Low
BUILD_0203,AMD Ryzen 7 3700X,NVIDIA RTX 3060,Gigabyte B550 AORUS Elite,32GB DDR4,1440p,Yes,13%,General / Low
BUILD_0204,Intel Core i5-13600K,AMD Radeon RX 7900 XTX,ASRock B760M,32GB DDR5,1440p,Yes,17%,CPU Bottleneck
BUILD_0205,AMD Ryzen 7 7800X3D,NVIDIA GTX 1660 Super,MSI MAG B650 Tomahawk,16GB DDR5,4K,Yes,50%,GPU Bottleneck
BUILD_0206,Intel Core i3-12100F,AMD Radeon RX 7700 XT,ASUS ROG Strix Z790,8GB DDR4,1080p,Yes,35%,CPU Bottleneck
BUILD_0207,AMD Ryzen 5 5600X,NVIDIA RTX 4090,Gigabyte B550 AORUS Elite,32GB DDR4,1080p,Yes,53%,CPU Bottleneck
BUILD_0208,Intel Core i9-14900K,NVIDIA RTX 4070 Ti,ASUS ROG Strix Z790,32GB DDR5,1440p,Yes,8%,General / Low
BUILD_0209,AMD Ryzen 5 7600X,AMD Radeon RX 6600,MSI MAG B650 Tomahawk,16GB DDR5,1080p,Yes,11%,General / Low
BUILD_0210,Intel Core i7-10700K,NVIDIA RTX 3060,ASUS Prime Z490-A,16GB DDR4,1440p,Yes,12%,General / Low
BUILD_0211,AMD Ryzen 7 3700X,AMD Radeon RX 7900 XTX,Gigabyte B550 AORUS Elite,32GB DDR4,4K,Yes,47%,GPU Bottleneck
BUILD_0212,Intel Core i5-13600K,NVIDIA GTX 1660 Super,ASRock B760M,16GB DDR4,1080p,Yes,33%,GPU Bottleneck
BUILD_0213,AMD Ryzen 7 7800X3D,AMD Radeon RX 7700 XT,MSI MAG B650 Tomahawk,32GB DDR5,1440p,Yes,25%,CPU Bottleneck
BUILD_0214,Intel Core i3-12100F,NVIDIA RTX 4070 Ti,ASUS ROG Strix Z790,8GB DDR4,1080p,Yes,37%,CPU Bottleneck
BUILD_0215,AMD Ryzen 5 5600X,AMD Radeon RX 6600,Gigabyte B550 AORUS Elite,16GB DDR4,1080p,Yes,9%,General / Low
BUILD_0216,Intel Core i9-14900K,NVIDIA RTX 3060,ASRock B760M,64GB DDR5,1440p,Yes,30%,GPU Bottleneck
BUILD_0217,AMD Ryzen 5 7600X,AMD Radeon RX 7900 XTX,MSI MAG B650 Tomahawk,32GB DDR5,4K,Yes,26%,GPU Bottleneck
BUILD_0218,Intel Core i7-10700K,NVIDIA GTX 1660 Super,ASUS Prime Z490-A,16GB DDR4,1080p,Yes,10%,General / Low
BUILD_0219,AMD Ryzen 7 3700X,NVIDIA RTX 4090,Gigabyte B550 AORUS Elite,32GB DDR4,1080p,Yes,57%,CPU Bottleneck
BUILD_0220,Intel Core i5-13600K,AMD Radeon RX 7700 XT,ASRock B760M,16GB DDR5,1440p,Yes,6%,General / Low
BUILD_0221,AMD Ryzen 7 7800X3D,NVIDIA RTX 4070 Ti,MSI MAG B650 Tomahawk,32GB DDR5,1440p,Yes,21%,CPU Bottleneck
BUILD_0222,Intel Core i3-12100F,AMD Radeon RX 6600,ASUS ROG Strix Z790,16GB DDR4,1080p,Yes,14%,General / Low
BUILD_0223,AMD Ryzen 5 5600X,NVIDIA RTX 3060,Gigabyte B550 AORUS Elite,16GB DDR4,1440p,Yes,13%,General / Low
BUILD_0224,Intel Core i9-14900K,AMD Radeon RX 7900 XTX,ASRock B760M,32GB DDR5,4K,Yes,5%,General / Low
BUILD_0225,AMD Ryzen 5 7600X,NVIDIA GTX 1660 Super,MSI MAG B650 Tomahawk,16GB DDR5,1080p,Yes,28%,GPU Bottleneck
BUILD_0226,Intel Core i7-10700K,NVIDIA RTX 4090,ASUS Prime Z490-A,32GB DDR4,1080p,Yes,51%,CPU Bottleneck
BUILD_0227,AMD Ryzen 7 3700X,AMD Radeon RX 7700 XT,Gigabyte B550 AORUS Elite,16GB DDR4,1440p,Yes,23%,CPU Bottleneck
BUILD_0228,Intel Core i5-13600K,NVIDIA RTX 4070 Ti,ASRock B760M,32GB DDR5,1440p,Yes,8%,General / Low
BUILD_0229,AMD Ryzen 7 7800X3D,AMD Radeon RX 6600,MSI MAG B650 Tomahawk,32GB DDR5,1080p,Yes,32%,CPU Bottleneck
BUILD_0230,Intel Core i3-12100F,NVIDIA RTX 3060,ASUS ROG Strix Z790,16GB DDR4,1440p,Yes,19%,GPU Bottleneck
BUILD_0231,AMD Ryzen 5 5600X,AMD Radeon RX 7900 XTX,Gigabyte B550 AORUS Elite,32GB DDR4,4K,Yes,45%,GPU Bottleneck
BUILD_0232,Intel Core i9-14900K,NVIDIA GTX 1660 Super,ASRock B760M,32GB DDR5,1080p,Yes,37%,GPU Bottleneck
BUILD_0233,AMD Ryzen 5 7600X,NVIDIA RTX 4090,MSI MAG B650 Tomahawk,32GB DDR5,1080p,Yes,33%,CPU Bottleneck
BUILD_0234,Intel Core i7-10700K,AMD Radeon RX 7700 XT,ASUS Prime Z490-A,16GB DDR4,1440p,Yes,18%,CPU Bottleneck
BUILD_0235,AMD Ryzen 7 3700X,NVIDIA RTX 4070 Ti,Gigabyte B550 AORUS Elite,32GB DDR4,1440p,Yes,29%,CPU Bottleneck
BUILD_0236,Intel Core i5-13600K,AMD Radeon RX 6600,ASRock B760M,16GB DDR5,1080p,Yes,23%,CPU Bottleneck
BUILD_0237,AMD Ryzen 7 7800X3D,NVIDIA RTX 3060,MSI MAG B650 Tomahawk,32GB DDR5,1440p,Yes,26%,GPU Bottleneck
BUILD_0238,Intel Core i3-12100F,AMD Radeon RX 7900 XTX,ASUS ROG Strix Z790,16GB DDR4,4K,Yes,59%,GPU Bottleneck
BUILD_0239,AMD Ryzen 5 5600X,NVIDIA GTX 1660 Super,Gigabyte B550 AORUS Elite,16GB DDR4,1080p,Yes,16%,General / Low
BUILD_0240,Intel Core i9-14900K,NVIDIA RTX 4090,ASUS ROG Strix Z790,64GB DDR5,4K,Yes,6%,General / Low
BUILD_0241,AMD Ryzen 5 7600X,AMD Radeon RX 7700 XT,MSI MAG B650 Tomahawk,16GB DDR5,1440p,Yes,10%,General / Low
BUILD_0242,Intel Core i7-10700K,NVIDIA RTX 4070 Ti,ASUS Prime Z490-A,32GB DDR4,1440p,Yes,25%,CPU Bottleneck
BUILD_0243,AMD Ryzen 7 3700X,AMD Radeon RX 6600,Gigabyte B550 AORUS Elite,16GB DDR4,1080p,Yes,9%,General / Low
BUILD_0244,Intel Core i5-13600K,NVIDIA RTX 3060,ASRock B760M,32GB DDR5,1440p,Yes,21%,GPU Bottleneck
BUILD_0245,AMD Ryzen 7 7800X3D,AMD Radeon RX 7900 XTX,MSI MAG B650 Tomahawk,32GB DDR5,4K,Yes,11%,General / Low
BUILD_0246,Intel Core i3-12100F,NVIDIA GTX 1660 Super,ASUS ROG Strix Z790,8GB DDR4,1080p,Yes,13%,General / Low
BUILD_0247,AMD Ryzen 5 5600X,NVIDIA RTX 4090,ASUS Prime Z490-A,16GB DDR4,1080p,No,46%,CPU Bottleneck
BUILD_0248,Intel Core i9-14900K,AMD Radeon RX 7700 XT,ASRock B760M,32GB DDR5,1440p,Yes,28%,GPU Bottleneck
BUILD_0249,AMD Ryzen 5 7600X,NVIDIA RTX 4070 Ti,MSI MAG B650 Tomahawk,16GB DDR5,1440p,Yes,14%,General / Low
BUILD_0250,Intel Core i7-10700K,AMD Radeon RX 6600,ASUS Prime Z490-A,16GB DDR4,1080p,Yes,13%,General / Low
BUILD_0251,AMD Ryzen 7 3700X,NVIDIA RTX 3060,Gigabyte B550 AORUS Elite,32GB DDR4,1440p,Yes,14%,General / Low
BUILD_0252,Intel Core i5-13600K,AMD Radeon RX 7900 XTX,ASRock B760M,32GB DDR5,1440p,Yes,18%,CPU Bottleneck
BUILD_0253,AMD Ryzen 7 7800X3D,NVIDIA GTX 1660 Super,MSI MAG B650 Tomahawk,16GB DDR5,4K,Yes,51%,GPU Bottleneck
BUILD_0254,Intel Core i3-12100F,AMD Radeon RX 7700 XT,ASUS ROG Strix Z790,8GB DDR4,1080p,Yes,36%,CPU Bottleneck
BUILD_0255,AMD Ryzen 5 5600X,NVIDIA RTX 4090,Gigabyte B550 AORUS Elite,32GB DDR4,1080p,Yes,54%,CPU Bottleneck
BUILD_0256,Intel Core i9-14900K,NVIDIA RTX 4070 Ti,ASUS ROG Strix Z790,32GB DDR5,1440p,Yes,9%,General / Low
BUILD_0257,AMD Ryzen 5 7600X,AMD Radeon RX 6600,MSI MAG B650 Tomahawk,16GB DDR5,1080p,Yes,12%,General / Low
BUILD_0258,Intel Core i7-10700K,NVIDIA RTX 3060,ASUS Prime Z490-A,16GB DDR4,1440p,Yes,13%,General / Low
BUILD_0259,AMD Ryzen 7 3700X,AMD Radeon RX 7900 XTX,Gigabyte B550 AORUS Elite,32GB DDR4,4K,Yes,48%,GPU Bottleneck
BUILD_0260,Intel Core i5-13600K,NVIDIA GTX 1660 Super,ASRock B760M,16GB DDR4,1080p,Yes,34%,GPU Bottleneck
BUILD_0261,AMD Ryzen 7 7800X3D,AMD Radeon RX 7700 XT,MSI MAG B650 Tomahawk,32GB DDR5,1440p,Yes,26%,CPU Bottleneck
BUILD_0262,Intel Core i3-12100F,NVIDIA RTX 4070 Ti,ASUS ROG Strix Z790,8GB DDR4,1080p,Yes,38%,CPU Bottleneck
BUILD_0263,AMD Ryzen 5 5600X,AMD Radeon RX 6600,Gigabyte B550 AORUS Elite,16GB DDR4,1080p,Yes,10%,General / Low
BUILD_0264,Intel Core i9-14900K,NVIDIA RTX 3060,ASRock B760M,64GB DDR5,1440p,Yes,31%,GPU Bottleneck
BUILD_0265,AMD Ryzen 5 7600X,AMD Radeon RX 7900 XTX,MSI MAG B650 Tomahawk,32GB DDR5,4K,Yes,27%,GPU Bottleneck
BUILD_0266,Intel Core i7-10700K,NVIDIA GTX 1660 Super,ASUS Prime Z490-A,16GB DDR4,1080p,Yes,11%,General / Low
BUILD_0267,AMD Ryzen 7 3700X,NVIDIA RTX 4090,Gigabyte B550 AORUS Elite,32GB DDR4,1080p,Yes,58%,CPU Bottleneck
BUILD_0268,Intel Core i5-13600K,AMD Radeon RX 7700 XT,ASRock B760M,16GB DDR5,1440p,Yes,7%,General / Low
BUILD_0269,AMD Ryzen 7 7800X3D,NVIDIA RTX 4070 Ti,MSI MAG B650 Tomahawk,32GB DDR5,1440p,Yes,22%,CPU Bottleneck
BUILD_0270,Intel Core i3-12100F,AMD Radeon RX 6600,ASUS ROG Strix Z790,16GB DDR4,1080p,Yes,15%,General / Low
BUILD_0271,AMD Ryzen 5 5600X,NVIDIA RTX 3060,Gigabyte B550 AORUS Elite,16GB DDR4,1440p,Yes,14%,General / Low
BUILD_0272,Intel Core i9-14900K,AMD Radeon RX 7900 XTX,ASRock B760M,32GB DDR5,4K,Yes,6%,General / Low
BUILD_0273,AMD Ryzen 5 7600X,NVIDIA GTX 1660 Super,MSI MAG B650 Tomahawk,16GB DDR5,1080p,Yes,29%,GPU Bottleneck
BUILD_0274,Intel Core i7-10700K,NVIDIA RTX 4090,ASUS Prime Z490-A,32GB DDR4,1080p,Yes,52%,CPU Bottleneck
BUILD_0275,AMD Ryzen 7 3700X,AMD Radeon RX 7700 XT,Gigabyte B550 AORUS Elite,16GB DDR4,1440p,Yes,24%,CPU Bottleneck
BUILD_0276,Intel Core i5-13600K,NVIDIA RTX 4070 Ti,ASRock B760M,32GB DDR5,1440p,Yes,9%,General / Low
BUILD_0277,AMD Ryzen 7 7800X3D,AMD Radeon RX 6600,MSI MAG B650 Tomahawk,32GB DDR5,1080p,Yes,33%,CPU Bottleneck
BUILD_0278,Intel Core i3-12100F,NVIDIA RTX 3060,ASUS ROG Strix Z790,16GB DDR4,1440p,Yes,20%,GPU Bottleneck
BUILD_0279,AMD Ryzen 5 5600X,AMD Radeon RX 7900 XTX,Gigabyte B550 AORUS Elite,32GB DDR4,4K,Yes,46%,GPU Bottleneck
BUILD_0280,Intel Core i9-14900K,NVIDIA GTX 1660 Super,ASRock B760M,32GB DDR5,1080p,Yes,38%,GPU Bottleneck
BUILD_0281,AMD Ryzen 5 7600X,NVIDIA RTX 4090,MSI MAG B650 Tomahawk,32GB DDR5,1080p,Yes,34%,CPU Bottleneck
BUILD_0282,Intel Core i7-10700K,AMD Radeon RX 7700 XT,ASUS Prime Z490-A,16GB DDR4,1440p,Yes,19%,CPU Bottleneck
BUILD_0283,AMD Ryzen 7 3700X,NVIDIA RTX 4070 Ti,Gigabyte B550 AORUS Elite,32GB DDR4,1440p,Yes,30%,CPU Bottleneck
BUILD_0284,Intel Core i5-13600K,AMD Radeon RX 6600,ASRock B760M,16GB DDR5,1080p,Yes,24%,CPU Bottleneck
BUILD_0285,AMD Ryzen 7 7800X3D,NVIDIA RTX 3060,MSI MAG B650 Tomahawk,32GB DDR5,1440p,Yes,27%,GPU Bottleneck
BUILD_0286,Intel Core i3-12100F,AMD Radeon RX 7900 XTX,ASUS ROG Strix Z790,16GB DDR4,4K,Yes,60%,GPU Bottleneck
BUILD_0287,AMD Ryzen 5 5600X,NVIDIA GTX 1660 Super,Gigabyte B550 AORUS Elite,16GB DDR4,1080p,Yes,17%,General / Low
BUILD_0288,Intel Core i9-14900K,NVIDIA RTX 4090,ASUS ROG Strix Z790,64GB DDR5,4K,Yes,7%,General / Low
BUILD_0289,AMD Ryzen 5 7600X,AMD Radeon RX 7700 XT,MSI MAG B650 Tomahawk,16GB DDR5,1440p,Yes,11%,General / Low
BUILD_0290,Intel Core i7-10700K,NVIDIA RTX 4070 Ti,ASUS Prime Z490-A,32GB DDR4,1440p,Yes,26%,CPU Bottleneck
BUILD_0291,AMD Ryzen 7 3700X,AMD Radeon RX 6600,Gigabyte B550 AORUS Elite,16GB DDR4,1080p,Yes,10%,General / Low
BUILD_0292,Intel Core i5-13600K,NVIDIA RTX 3060,ASRock B760M,32GB DDR5,1440p,Yes,22%,GPU Bottleneck
BUILD_0293,AMD Ryzen 7 7800X3D,AMD Radeon RX 7900 XTX,MSI MAG B650 Tomahawk,32GB DDR5,4K,Yes,12%,General / Low
BUILD_0294,Intel Core i3-12100F,NVIDIA GTX 1660 Super,ASUS ROG Strix Z790,8GB DDR4,1080p,Yes,14%,General / Low
BUILD_0295,AMD Ryzen 5 5600X,NVIDIA RTX 4090,ASUS Prime Z490-A,16GB DDR4,1080p,No,47%,CPU Bottleneck
BUILD_0296,Intel Core i9-14900K,AMD Radeon RX 7700 XT,ASRock B760M,32GB DDR5,1440p,Yes,29%,GPU Bottleneck
BUILD_0297,AMD Ryzen 5 7600X,NVIDIA RTX 4070 Ti,MSI MAG B650 Tomahawk,16GB DDR5,1440p,Yes,15%,General / Low
BUILD_0298,Intel Core i7-10700K,AMD Radeon RX 6600,ASUS Prime Z490-A,16GB DDR4,1080p,Yes,14%,General / Low
BUILD_0299,AMD Ryzen 7 3700X,NVIDIA RTX 3060,Gigabyte B550 AORUS Elite,32GB DDR4,1440p,Yes,15%,General / Low
BUILD_0300,Intel Core i5-13600K,AMD Radeon RX 7900 XTX,ASRock B760M,32GB DDR5,1440p,Yes,19%,CPU Bottleneck
BUILD_0301,AMD Ryzen 7 7800X3D,NVIDIA GTX 1660 Super,MSI MAG B650 Tomahawk,16GB DDR5,4K,Yes,52%,GPU Bottleneck
BUILD_0302,Intel Core i3-12100F,AMD Radeon RX 7700 XT,ASUS ROG Strix Z790,8GB DDR4,1080p,Yes,37%,CPU Bottleneck
BUILD_0303,AMD Ryzen 5 5600X,NVIDIA RTX 4090,Gigabyte B550 AORUS Elite,32GB DDR4,1080p,Yes,55%,CPU Bottleneck
BUILD_0304,Intel Core i9-14900K,NVIDIA RTX 4070 Ti,ASUS ROG Strix Z790,32GB DDR5,1440p,Yes,10%,General / Low
BUILD_0305,AMD Ryzen 5 7600X,AMD Radeon RX 6600,MSI MAG B650 Tomahawk,16GB DDR5,1080p,Yes,13%,General / Low
BUILD_0306,Intel Core i7-10700K,NVIDIA RTX 3060,ASUS Prime Z490-A,16GB DDR4,1440p,Yes,14%,General / Low
BUILD_0307,AMD Ryzen 7 3700X,AMD Radeon RX 7900 XTX,Gigabyte B550 AORUS Elite,32GB DDR4,4K,Yes,49%,GPU Bottleneck
BUILD_0308,Intel Core i5-13600K,NVIDIA GTX 1660 Super,ASRock B760M,16GB DDR4,1080p,Yes,35%,GPU Bottleneck
BUILD_0309,AMD Ryzen 7 7800X3D,AMD Radeon RX 7700 XT,MSI MAG B650 Tomahawk,32GB DDR5,1440p,Yes,27%,CPU Bottleneck
BUILD_0310,Intel Core i3-12100F,NVIDIA RTX 4070 Ti,ASUS ROG Strix Z790,8GB DDR4,1080p,Yes,39%,CPU Bottleneck
BUILD_0311,AMD Ryzen 5 5600X,AMD Radeon RX 6600,Gigabyte B550 AORUS Elite,16GB DDR4,1080p,Yes,11%,General / Low
BUILD_0312,Intel Core i9-14900K,NVIDIA RTX 3060,ASRock B760M,64GB DDR5,1440p,Yes,32%,GPU Bottleneck
BUILD_0313,AMD Ryzen 5 7600X,AMD Radeon RX 7900 XTX,MSI MAG B650 Tomahawk,32GB DDR5,4K,Yes,28%,GPU Bottleneck
BUILD_0314,Intel Core i7-10700K,NVIDIA GTX 1660 Super,ASUS Prime Z490-A,16GB DDR4,1080p,Yes,12%,General / Low
BUILD_0315,AMD Ryzen 7 3700X,NVIDIA RTX 4090,Gigabyte B550 AORUS Elite,32GB DDR4,1080p,Yes,59%,CPU Bottleneck
BUILD_0316,Intel Core i5-13600K,AMD Radeon RX 7700 XT,ASRock B760M,16GB DDR5,1440p,Yes,8%,General / Low
BUILD_0317,AMD Ryzen 7 7800X3D,NVIDIA RTX 4070 Ti,MSI MAG B650 Tomahawk,32GB DDR5,1440p,Yes,23%,CPU Bottleneck
BUILD_0318,Intel Core i3-12100F,AMD Radeon RX 6600,ASUS ROG Strix Z790,16GB DDR4,1080p,Yes,16%,General / Low
BUILD_0319,AMD Ryzen 5 5600X,NVIDIA RTX 3060,Gigabyte B550 AORUS Elite,16GB DDR4,1440p,Yes,15%,General / Low
BUILD_0320,Intel Core i9-14900K,AMD Radeon RX 7900 XTX,ASRock B760M,32GB DDR5,4K,Yes,7%,General / Low
BUILD_0321,AMD Ryzen 5 7600X,NVIDIA GTX 1660 Super,MSI MAG B650 Tomahawk,16GB DDR5,1080p,Yes,30%,GPU Bottleneck
BUILD_0322,Intel Core i7-10700K,NVIDIA RTX 4090,ASUS Prime Z490-A,32GB DDR4,1080p,Yes,53%,CPU Bottleneck
BUILD_0323,AMD Ryzen 7 3700X,AMD Radeon RX 7700 XT,Gigabyte B550 AORUS Elite,16GB DDR4,1440p,Yes,25%,CPU Bottleneck
BUILD_0324,Intel Core i5-13600K,NVIDIA RTX 4070 Ti,ASRock B760M,32GB DDR5,1440p,Yes,10%,General / Low
BUILD_0325,AMD Ryzen 7 7800X3D,AMD Radeon RX 6600,MSI MAG B650 Tomahawk,32GB DDR5,1080p,Yes,34%,CPU Bottleneck
BUILD_0326,Intel Core i3-12100F,NVIDIA RTX 3060,ASUS ROG Strix Z790,16GB DDR4,1440p,Yes,21%,GPU Bottleneck
BUILD_0327,AMD Ryzen 5 5600X,AMD Radeon RX 7900 XTX,Gigabyte B550 AORUS Elite,32GB DDR4,4K,Yes,47%,GPU Bottleneck
BUILD_0328,Intel Core i9-14900K,NVIDIA GTX 1660 Super,ASRock B760M,32GB DDR5,1080p,Yes,39%,GPU Bottleneck
BUILD_0329,AMD Ryzen 5 7600X,NVIDIA RTX 4090,MSI MAG B650 Tomahawk,32GB DDR5,1080p,Yes,35%,CPU Bottleneck
BUILD_0330,Intel Core i7-10700K,AMD Radeon RX 7700 XT,ASUS Prime Z490-A,16GB DDR4,1440p,Yes,20%,CPU Bottleneck
BUILD_0331,AMD Ryzen 7 3700X,NVIDIA RTX 4070 Ti,Gigabyte B550 AORUS Elite,32GB DDR4,1440p,Yes,31%,CPU Bottleneck
BUILD_0332,Intel Core i5-13600K,AMD Radeon RX 6600,ASRock B760M,16GB DDR5,1080p,Yes,25%,CPU Bottleneck
BUILD_0333,AMD Ryzen 7 7800X3D,NVIDIA RTX 3060,MSI MAG B650 Tomahawk,32GB DDR5,1440p,Yes,28%,GPU Bottleneck
BUILD_0334,Intel Core i3-12100F,AMD Radeon RX 7900 XTX,ASUS ROG Strix Z790,16GB DDR4,4K,Yes,61%,GPU Bottleneck
BUILD_0335,AMD Ryzen 5 5600X,NVIDIA GTX 1660 Super,Gigabyte B550 AORUS Elite,16GB DDR4,1080p,Yes,18%,General / Low
BUILD_0336,Intel Core i9-14900K,NVIDIA RTX 4090,ASUS ROG Strix Z790,64GB DDR5,4K,Yes,8%,General / Low
BUILD_0337,AMD Ryzen 5 7600X,AMD Radeon RX 7700 XT,MSI MAG B650 Tomahawk,16GB DDR5,1440p,Yes,12%,General / Low
BUILD_0338,Intel Core i7-10700K,NVIDIA RTX 4070 Ti,ASUS Prime Z490-A,32GB DDR4,1440p,Yes,27%,CPU Bottleneck
BUILD_0339,AMD Ryzen 7 3700X,AMD Radeon RX 6600,Gigabyte B550 AORUS Elite,16GB DDR4,1080p,Yes,11%,General / Low
BUILD_0340,Intel Core i5-13600K,NVIDIA RTX 3060,ASRock B760M,32GB DDR5,1440p,Yes,23%,GPU Bottleneck
BUILD_0341,AMD Ryzen 7 7800X3D,AMD Radeon RX 7900 XTX,MSI MAG B650 Tomahawk,32GB DDR5,4K,Yes,13%,General / Low
BUILD_0342,Intel Core i3-12100F,NVIDIA GTX 1660 Super,ASUS ROG Strix Z790,8GB DDR4,1080p,Yes,15%,General / Low
BUILD_0343,AMD Ryzen 5 5600X,NVIDIA RTX 4090,ASUS Prime Z490-A,16GB DDR4,1080p,No,48%,CPU Bottleneck
BUILD_0344,Intel Core i9-14900K,AMD Radeon RX 7700 XT,ASRock B760M,32GB DDR5,1440p,Yes,30%,GPU Bottleneck
BUILD_0345,AMD Ryzen 5 7600X,NVIDIA RTX 4070 Ti,MSI MAG B650 Tomahawk,16GB DDR5,1440p,Yes,16%,General / Low
BUILD_0346,Intel Core i7-10700K,AMD Radeon RX 6600,ASUS Prime Z490-A,16GB DDR4,1080p,Yes,15%,General / Low
BUILD_0347,AMD Ryzen 7 3700X,NVIDIA RTX 3060,Gigabyte B550 AORUS Elite,32GB DDR4,1440p,Yes,16%,General / Low
BUILD_0348,Intel Core i5-13600K,AMD Radeon RX 7900 XTX,ASRock B760M,32GB DDR5,1440p,Yes,20%,CPU Bottleneck
BUILD_0349,AMD Ryzen 7 7800X3D,NVIDIA GTX 1660 Super,MSI MAG B650 Tomahawk,16GB DDR5,4K,Yes,53%,GPU Bottleneck
BUILD_0350,Intel Core i3-12100F,AMD Radeon RX 7700 XT,ASUS ROG Strix Z790,8GB DDR4,1080p,Yes,38%,CPU Bottleneck
BUILD_0351,AMD Ryzen 5 5600X,NVIDIA RTX 4090,Gigabyte B550 AORUS Elite,32GB DDR4,1080p,Yes,56%,CPU Bottleneck
BUILD_0352,Intel Core i9-14900K,NVIDIA RTX 4070 Ti,ASUS ROG Strix Z790,32GB DDR5,1440p,Yes,11%,General / Low
BUILD_0353,AMD Ryzen 5 7600X,AMD Radeon RX 6600,MSI MAG B650 Tomahawk,16GB DDR5,1080p,Yes,14%,General / Low
BUILD_0354,Intel Core i7-10700K,NVIDIA RTX 3060,ASUS Prime Z490-A,16GB DDR4,1440p,Yes,15%,General / Low
BUILD_0355,AMD Ryzen 7 3700X,AMD Radeon RX 7900 XTX,Gigabyte B550 AORUS Elite,32GB DDR4,4K,Yes,50%,GPU Bottleneck
BUILD_0356,Intel Core i5-13600K,NVIDIA GTX 1660 Super,ASRock B760M,16GB DDR4,1080p,Yes,36%,GPU Bottleneck
BUILD_0357,AMD Ryzen 7 7800X3D,AMD Radeon RX 7700 XT,MSI MAG B650 Tomahawk,32GB DDR5,1440p,Yes,28%,CPU Bottleneck
BUILD_0358,Intel Core i3-12100F,NVIDIA RTX 4070 Ti,ASUS ROG Strix Z790,8GB DDR4,1080p,Yes,40%,CPU Bottleneck
BUILD_0359,AMD Ryzen 5 5600X,AMD Radeon RX 6600,Gigabyte B550 AORUS Elite,16GB DDR4,1080p,Yes,12%,General / Low
BUILD_0360,Intel Core i9-14900K,NVIDIA RTX 3060,ASRock B760M,64GB DDR5,1440p,Yes,33%,GPU Bottleneck
BUILD_0361,AMD Ryzen 5 7600X,AMD Radeon RX 7900 XTX,MSI MAG B650 Tomahawk,32GB DDR5,4K,Yes,29%,GPU Bottleneck
BUILD_0362,Intel Core i7-10700K,NVIDIA GTX 1660 Super,ASUS Prime Z490-A,16GB DDR4,1080p,Yes,13%,General / Low
BUILD_0363,AMD Ryzen 7 3700X,NVIDIA RTX 4090,Gigabyte B550 AORUS Elite,32GB DDR4,1080p,Yes,60%,CPU Bottleneck
BUILD_0364,Intel Core i5-13600K,AMD Radeon RX 7700 XT,ASRock B760M,16GB DDR5,1440p,Yes,9%,General / Low
BUILD_0365,AMD Ryzen 7 7800X3D,NVIDIA RTX 4070 Ti,MSI MAG B650 Tomahawk,32GB DDR5,1440p,Yes,24%,CPU Bottleneck
BUILD_0366,Intel Core i3-12100F,AMD Radeon RX 6600,ASUS ROG Strix Z790,16GB DDR4,1080p,Yes,17%,General / Low
BUILD_0367,AMD Ryzen 5 5600X,NVIDIA RTX 3060,Gigabyte B550 AORUS Elite,16GB DDR4,1440p,Yes,16%,General / Low
BUILD_0368,Intel Core i9-14900K,AMD Radeon RX 7900 XTX,ASRock B760M,32GB DDR5,4K,Yes,8%,General / Low
BUILD_0369,AMD Ryzen 5 7600X,NVIDIA GTX 1660 Super,MSI MAG B650 Tomahawk,16GB DDR5,1080p,Yes,31%,GPU Bottleneck
BUILD_0370,Intel Core i7-10700K,NVIDIA RTX 4090,ASUS Prime Z490-A,32GB DDR4,1080p,Yes,54%,CPU Bottleneck
BUILD_0371,AMD Ryzen 7 3700X,AMD Radeon RX 7700 XT,Gigabyte B550 AORUS Elite,16GB DDR4,1440p,Yes,26%,CPU Bottleneck
BUILD_0372,Intel Core i5-13600K,NVIDIA RTX 4070 Ti,ASRock B760M,32GB DDR5,1440p,Yes,11%,General / Low
BUILD_0373,AMD Ryzen 7 7800X3D,AMD Radeon RX 6600,MSI MAG B650 Tomahawk,32GB DDR5,1080p,Yes,35%,CPU Bottleneck
BUILD_0374,Intel Core i3-12100F,NVIDIA RTX 3060,ASUS ROG Strix Z790,16GB DDR4,1440p,Yes,22%,GPU Bottleneck
BUILD_0375,AMD Ryzen 5 5600X,AMD Radeon RX 7900 XTX,Gigabyte B550 AORUS Elite,32GB DDR4,4K,Yes,48%,GPU Bottleneck
BUILD_0376,Intel Core i9-14900K,NVIDIA GTX 1660 Super,ASRock B760M,32GB DDR5,1080p,Yes,40%,GPU Bottleneck
BUILD_0377,AMD Ryzen 5 7600X,NVIDIA RTX 4090,MSI MAG B650 Tomahawk,32GB DDR5,1080p,Yes,36%,CPU Bottleneck
BUILD_0378,Intel Core i7-10700K,AMD Radeon RX 7700 XT,ASUS Prime Z490-A,16GB DDR4,1440p,Yes,21%,CPU Bottleneck
BUILD_0379,AMD Ryzen 7 3700X,NVIDIA RTX 4070 Ti,Gigabyte B550 AORUS Elite,32GB DDR4,1440p,Yes,32%,CPU Bottleneck
BUILD_0380,Intel Core i5-13600K,AMD Radeon RX 6600,ASRock B760M,16GB DDR5,1080p,Yes,26%,CPU Bottleneck
BUILD_0381,AMD Ryzen 7 7800X3D,NVIDIA RTX 3060,MSI MAG B650 Tomahawk,32GB DDR5,1440p,Yes,29%,GPU Bottleneck
BUILD_0382,Intel Core i3-12100F,AMD Radeon RX 7900 XTX,ASUS ROG Strix Z790,16GB DDR4,4K,Yes,62%,GPU Bottleneck
BUILD_0383,AMD Ryzen 5 5600X,NVIDIA GTX 1660 Super,Gigabyte B550 AORUS Elite,16GB DDR4,1080p,Yes,19%,General / Low
BUILD_0384,Intel Core i9-14900K,NVIDIA RTX 4090,ASUS ROG Strix Z790,64GB DDR5,4K,Yes,9%,General / Low
BUILD_0385,AMD Ryzen 5 7600X,AMD Radeon RX 7700 XT,MSI MAG B650 Tomahawk,16GB DDR5,1440p,Yes,13%,General / Low
BUILD_0386,Intel Core i7-10700K,NVIDIA RTX 4070 Ti,ASUS Prime Z490-A,32GB DDR4,1440p,Yes,28%,CPU Bottleneck
BUILD_0387,AMD Ryzen 7 3700X,AMD Radeon RX 6600,Gigabyte B550 AORUS Elite,16GB DDR4,1080p,Yes,12%,General / Low
BUILD_0388,Intel Core i5-13600K,NVIDIA RTX 3060,ASRock B760M,32GB DDR5,1440p,Yes,24%,GPU Bottleneck
BUILD_0389,AMD Ryzen 7 7800X3D,AMD Radeon RX 7900 XTX,MSI MAG B650 Tomahawk,32GB DDR5,4K,Yes,14%,General / Low
BUILD_0390,Intel Core i3-12100F,NVIDIA GTX 1660 Super,ASUS ROG Strix Z790,8GB DDR4,1080p,Yes,16%,General / Low
BUILD_0391,AMD Ryzen 5 5600X,NVIDIA RTX 4090,ASUS Prime Z490-A,16GB DDR4,1080p,No,49%,CPU Bottleneck
BUILD_0392,Intel Core i9-14900K,AMD Radeon RX 7700 XT,ASRock B760M,32GB DDR5,1440p,Yes,31%,GPU Bottleneck
BUILD_0393,AMD Ryzen 5 7600X,NVIDIA RTX 4070 Ti,MSI MAG B650 Tomahawk,16GB DDR5,1440p,Yes,17%,General / Low
BUILD_0394,Intel Core i7-10700K,AMD Radeon RX 6600,ASUS Prime Z490-A,16GB DDR4,1080p,Yes,16%,General / Low
BUILD_0395,AMD Ryzen 7 3700X,NVIDIA RTX 3060,Gigabyte B550 AORUS Elite,32GB DDR4,1440p,Yes,17%,General / Low
BUILD_0396,Intel Core i5-13600K,AMD Radeon RX 7900 XTX,ASRock B760M,32GB DDR5,1440p,Yes,21%,CPU Bottleneck
BUILD_0397,AMD Ryzen 7 7800X3D,NVIDIA GTX 1660 Super,MSI MAG B650 Tomahawk,16GB DDR5,4K,Yes,54%,GPU Bottleneck
BUILD_0398,Intel Core i3-12100F,AMD Radeon RX 7700 XT,ASUS ROG Strix Z790,8GB DDR4,1080p,Yes,39%,CPU Bottleneck
BUILD_0399,AMD Ryzen 5 5600X,NVIDIA RTX 4090,Gigabyte B550 AORUS Elite,32GB DDR4,1080p,Yes,57%,CPU Bottleneck
BUILD_0400,Intel Core i9-14900K,NVIDIA RTX 4070 Ti,ASUS ROG Strix Z790,32GB DDR5,1440p,Yes,12%,General / Low
BUILD_0401,AMD Ryzen 5 7600X,AMD Radeon RX 6600,MSI MAG B650 Tomahawk,16GB DDR5,1080p,Yes,15%,General / Low
BUILD_0402,Intel Core i7-10700K,NVIDIA RTX 3060,ASUS Prime Z490-A,16GB DDR4,1440p,Yes,16%,General / Low
BUILD_0403,AMD Ryzen 7 3700X,AMD Radeon RX 7900 XTX,Gigabyte B550 AORUS Elite,32GB DDR4,4K,Yes,51%,GPU Bottleneck
BUILD_0404,Intel Core i5-13600K,NVIDIA GTX 1660 Super,ASRock B760M,16GB DDR4,1080p,Yes,37%,GPU Bottleneck
BUILD_0405,AMD Ryzen 7 7800X3D,AMD Radeon RX 7700 XT,MSI MAG B650 Tomahawk,32GB DDR5,1440p,Yes,29%,CPU Bottleneck
BUILD_0406,Intel Core i3-12100F,NVIDIA RTX 4070 Ti,ASUS ROG Strix Z790,8GB DDR4,1080p,Yes,41%,CPU Bottleneck
BUILD_0407,AMD Ryzen 5 5600X,AMD Radeon RX 6600,Gigabyte B550 AORUS Elite,16GB DDR4,1080p,Yes,13%,General / Low
BUILD_0408,Intel Core i9-14900K,NVIDIA RTX 3060,ASRock B760M,64GB DDR5,1440p,Yes,34%,GPU Bottleneck
BUILD_0409,AMD Ryzen 5 7600X,AMD Radeon RX 7900 XTX,MSI MAG B650 Tomahawk,32GB DDR5,4K,Yes,30%,GPU Bottleneck
BUILD_0410,Intel Core i7-10700K,NVIDIA GTX 1660 Super,ASUS Prime Z490-A,16GB DDR4,1080p,Yes,14%,General / Low
BUILD_0411,AMD Ryzen 7 3700X,NVIDIA RTX 4090,Gigabyte B550 AORUS Elite,32GB DDR4,1080p,Yes,61%,CPU Bottleneck
BUILD_0412,Intel Core i5-13600K,AMD Radeon RX 7700 XT,ASRock B760M,16GB DDR5,1440p,Yes,10%,General / Low
BUILD_0413,AMD Ryzen 7 7800X3D,NVIDIA RTX 4070 Ti,MSI MAG B650 Tomahawk,32GB DDR5,1440p,Yes,25%,CPU Bottleneck
BUILD_0414,Intel Core i3-12100F,AMD Radeon RX 6600,ASUS ROG Strix Z790,16GB DDR4,1080p,Yes,18%,General / Low
BUILD_0415,AMD Ryzen 5 5600X,NVIDIA RTX 3060,Gigabyte B550 AORUS Elite,16GB DDR4,1440p,Yes,17%,General / Low
BUILD_0416,Intel Core i9-14900K,AMD Radeon RX 7900 XTX,ASRock B760M,32GB DDR5,4K,Yes,9%,General / Low
BUILD_0417,AMD Ryzen 5 7600X,NVIDIA GTX 1660 Super,MSI MAG B650 Tomahawk,16GB DDR5,1080p,Yes,32%,GPU Bottleneck
BUILD_0418,Intel Core i7-10700K,NVIDIA RTX 4090,ASUS Prime Z490-A,32GB DDR4,1080p,Yes,55%,CPU Bottleneck
BUILD_0419,AMD Ryzen 7 3700X,AMD Radeon RX 7700 XT,Gigabyte B550 AORUS Elite,16GB DDR4,1440p,Yes,27%,CPU Bottleneck
BUILD_0420,Intel Core i5-13600K,NVIDIA RTX 4070 Ti,ASRock B760M,32GB DDR5,1440p,Yes,12%,General / Low
BUILD_0421,AMD Ryzen 7 7800X3D,AMD Radeon RX 6600,MSI MAG B650 Tomahawk,32GB DDR5,1080p,Yes,36%,CPU Bottleneck
BUILD_0422,Intel Core i3-12100F,NVIDIA RTX 3060,ASUS ROG Strix Z790,16GB DDR4,1440p,Yes,23%,GPU Bottleneck
BUILD_0423,AMD Ryzen 5 5600X,AMD Radeon RX 7900 XTX,Gigabyte B550 AORUS Elite,32GB DDR4,4K,Yes,49%,GPU Bottleneck
BUILD_0424,Intel Core i9-14900K,NVIDIA GTX 1660 Super,ASRock B760M,32GB DDR5,1080p,Yes,41%,GPU Bottleneck
BUILD_0425,AMD Ryzen 5 7600X,NVIDIA RTX 4090,MSI MAG B650 Tomahawk,32GB DDR5,1080p,Yes,37%,CPU Bottleneck
BUILD_0426,Intel Core i7-10700K,AMD Radeon RX 7700 XT,ASUS Prime Z490-A,16GB DDR4,1440p,Yes,22%,CPU Bottleneck
BUILD_0427,AMD Ryzen 7 3700X,NVIDIA RTX 4070 Ti,Gigabyte B550 AORUS Elite,32GB DDR4,1440p,Yes,33%,CPU Bottleneck
BUILD_0428,Intel Core i5-13600K,AMD Radeon RX 6600,ASRock B760M,16GB DDR5,1080p,Yes,27%,CPU Bottleneck
BUILD_0429,AMD Ryzen 7 7800X3D,NVIDIA RTX 3060,MSI MAG B650 Tomahawk,32GB DDR5,1440p,Yes,30%,GPU Bottleneck
BUILD_0430,Intel Core i3-12100F,AMD Radeon RX 7900 XTX,ASUS ROG Strix Z790,16GB DDR4,4K,Yes,63%,GPU Bottleneck
BUILD_0431,AMD Ryzen 5 5600X,NVIDIA GTX 1660 Super,Gigabyte B550 AORUS Elite,16GB DDR4,1080p,Yes,20%,General / Low
BUILD_0432,Intel Core i9-14900K,NVIDIA RTX 4090,ASUS ROG Strix Z790,64GB DDR5,4K,Yes,10%,General / Low
BUILD_0433,AMD Ryzen 5 7600X,AMD Radeon RX 7700 XT,MSI MAG B650 Tomahawk,16GB DDR5,1440p,Yes,14%,General / Low
BUILD_0434,Intel Core i7-10700K,NVIDIA RTX 4070 Ti,ASUS Prime Z490-A,32GB DDR4,1440p,Yes,29%,CPU Bottleneck
BUILD_0435,AMD Ryzen 7 3700X,AMD Radeon RX 6600,Gigabyte B550 AORUS Elite,16GB DDR4,1080p,Yes,13%,General / Low
BUILD_0436,Intel Core i5-13600K,NVIDIA RTX 3060,ASRock B760M,32GB DDR5,1440p,Yes,25%,GPU Bottleneck
BUILD_0437,AMD Ryzen 7 7800X3D,AMD Radeon RX 7900 XTX,MSI MAG B650 Tomahawk,32GB DDR5,4K,Yes,15%,General / Low
BUILD_0438,Intel Core i3-12100F,NVIDIA GTX 1660 Super,ASUS ROG Strix Z790,8GB DDR4,1080p,Yes,17%,General / Low
BUILD_0439,AMD Ryzen 5 5600X,NVIDIA RTX 4090,ASUS Prime Z490-A,16GB DDR4,1080p,No,50%,CPU Bottleneck
BUILD_0440,Intel Core i9-14900K,AMD Radeon RX 7700 XT,ASRock B760M,32GB DDR5,1440p,Yes,32%,GPU Bottleneck
BUILD_0441,AMD Ryzen 5 7600X,NVIDIA RTX 4070 Ti,MSI MAG B650 Tomahawk,16GB DDR5,1440p,Yes,18%,General / Low
BUILD_0442,Intel Core i7-10700K,AMD Radeon RX 6600,ASUS Prime Z490-A,16GB DDR4,1080p,Yes,17%,General / Low
BUILD_0443,AMD Ryzen 7 3700X,NVIDIA RTX 3060,Gigabyte B550 AORUS Elite,32GB DDR4,1440p,Yes,18%,General / Low
BUILD_0444,Intel Core i5-13600K,AMD Radeon RX 7900 XTX,ASRock B760M,32GB DDR5,1440p,Yes,22%,CPU Bottleneck
BUILD_0445,AMD Ryzen 7 7800X3D,NVIDIA GTX 1660 Super,MSI MAG B650 Tomahawk,16GB DDR5,4K,Yes,55%,GPU Bottleneck
BUILD_0446,Intel Core i3-12100F,AMD Radeon RX 7700 XT,ASUS ROG Strix Z790,8GB DDR4,1080p,Yes,40%,CPU Bottleneck
BUILD_0447,AMD Ryzen 5 5600X,NVIDIA RTX 4090,Gigabyte B550 AORUS Elite,32GB DDR4,1080p,Yes,58%,CPU Bottleneck
BUILD_0448,Intel Core i9-14900K,NVIDIA RTX 4070 Ti,ASUS ROG Strix Z790,32GB DDR5,1440p,Yes,13%,General / Low
BUILD_0449,AMD Ryzen 5 7600X,AMD Radeon RX 6600,MSI MAG B650 Tomahawk,16GB DDR5,1080p,Yes,16%,General / Low
BUILD_0450,Intel Core i7-10700K,NVIDIA RTX 3060,ASUS Prime Z490-A,16GB DDR4,1440p,Yes,17%,General / Low
BUILD_0451,AMD Ryzen 7 3700X,AMD Radeon RX 7900 XTX,Gigabyte B550 AORUS Elite,32GB DDR4,4K,Yes,52%,GPU Bottleneck
BUILD_0452,Intel Core i5-13600K,NVIDIA GTX 1660 Super,ASRock B760M,16GB DDR4,1080p,Yes,38%,GPU Bottleneck
BUILD_0453,AMD Ryzen 7 7800X3D,AMD Radeon RX 7700 XT,MSI MAG B650 Tomahawk,32GB DDR5,1440p,Yes,30%,CPU Bottleneck
BUILD_0454,Intel Core i3-12100F,NVIDIA RTX 4070 Ti,ASUS ROG Strix Z790,8GB DDR4,1080p,Yes,42%,CPU Bottleneck
BUILD_0455,AMD Ryzen 5 5600X,AMD Radeon RX 6600,Gigabyte B550 AORUS Elite,16GB DDR4,1080p,Yes,14%,General / Low
BUILD_0456,Intel Core i9-14900K,NVIDIA RTX 3060,ASRock B760M,64GB DDR5,1440p,Yes,35%,GPU Bottleneck
BUILD_0457,AMD Ryzen 5 7600X,AMD Radeon RX 7900 XTX,MSI MAG B650 Tomahawk,32GB DDR5,4K,Yes,31%,GPU Bottleneck
BUILD_0458,Intel Core i7-10700K,NVIDIA GTX 1660 Super,ASUS Prime Z490-A,16GB DDR4,1080p,Yes,15%,General / Low
BUILD_0459,AMD Ryzen 7 3700X,NVIDIA RTX 4090,Gigabyte B550 AORUS Elite,32GB DDR4,1080p,Yes,62%,CPU Bottleneck
BUILD_0460,Intel Core i5-13600K,AMD Radeon RX 7700 XT,ASRock B760M,16GB DDR5,1440p,Yes,11%,General / Low
BUILD_0461,AMD Ryzen 7 7800X3D,NVIDIA RTX 4070 Ti,MSI MAG B650 Tomahawk,32GB DDR5,1440p,Yes,26%,CPU Bottleneck
BUILD_0462,Intel Core i3-12100F,AMD Radeon RX 6600,ASUS ROG Strix Z790,16GB DDR4,1080p,Yes,19%,General / Low
BUILD_0463,AMD Ryzen 5 5600X,NVIDIA RTX 3060,Gigabyte B550 AORUS Elite,16GB DDR4,1440p,Yes,18%,General / Low
BUILD_0464,Intel Core i9-14900K,AMD Radeon RX 7900 XTX,ASRock B760M,32GB DDR5,4K,Yes,10%,General / Low
BUILD_0465,AMD Ryzen 5 7600X,NVIDIA GTX 1660 Super,MSI MAG B650 Tomahawk,16GB DDR5,1080p,Yes,33%,GPU Bottleneck
BUILD_0466,Intel Core i7-10700K,NVIDIA RTX 4090,ASUS Prime Z490-A,32GB DDR4,1080p,Yes,56%,CPU Bottleneck
BUILD_0467,AMD Ryzen 7 3700X,AMD Radeon RX 7700 XT,Gigabyte B550 AORUS Elite,16GB DDR4,1440p,Yes,28%,CPU Bottleneck
BUILD_0468,Intel Core i5-13600K,NVIDIA RTX 4070 Ti,ASRock B760M,32GB DDR5,1440p,Yes,13%,General / Low
BUILD_0469,AMD Ryzen 7 7800X3D,AMD Radeon RX 6600,MSI MAG B650 Tomahawk,32GB DDR5,1080p,Yes,37%,CPU Bottleneck
BUILD_0470,Intel Core i3-12100F,NVIDIA RTX 3060,ASUS ROG Strix Z790,16GB DDR4,1440p,Yes,24%,GPU Bottleneck
BUILD_0471,AMD Ryzen 5 5600X,AMD Radeon RX 7900 XTX,Gigabyte B550 AORUS Elite,32GB DDR4,4K,Yes,50%,GPU Bottleneck
BUILD_0472,Intel Core i9-14900K,NVIDIA GTX 1660 Super,ASRock B760M,32GB DDR5,1080p,Yes,42%,GPU Bottleneck
BUILD_0473,AMD Ryzen 5 7600X,NVIDIA RTX 4090,MSI MAG B650 Tomahawk,32GB DDR5,1080p,Yes,38%,CPU Bottleneck
BUILD_0474,Intel Core i7-10700K,AMD Radeon RX 7700 XT,ASUS Prime Z490-A,16GB DDR4,1440p,Yes,23%,CPU Bottleneck
BUILD_0475,AMD Ryzen 7 3700X,NVIDIA RTX 4070 Ti,Gigabyte B550 AORUS Elite,32GB DDR4,1440p,Yes,34%,CPU Bottleneck
BUILD_0476,Intel Core i5-13600K,AMD Radeon RX 6600,ASRock B760M,16GB DDR5,1080p,Yes,28%,CPU Bottleneck
BUILD_0477,AMD Ryzen 7 7800X3D,NVIDIA RTX 3060,MSI MAG B650 Tomahawk,32GB DDR5,1440p,Yes,31%,GPU Bottleneck
BUILD_0478,Intel Core i3-12100F,AMD Radeon RX 7900 XTX,ASUS ROG Strix Z790,16GB DDR4,4K,Yes,64%,GPU Bottleneck
BUILD_0479,AMD Ryzen 5 5600X,NVIDIA GTX 1660 Super,Gigabyte B550 AORUS Elite,16GB DDR4,1080p,Yes,21%,General / Low
BUILD_0480,Intel Core i9-14900K,NVIDIA RTX 4090,ASUS ROG Strix Z790,64GB DDR5,4K,Yes,11%,General / Low
BUILD_0481,AMD Ryzen 5 7600X,AMD Radeon RX 7700 XT,MSI MAG B650 Tomahawk,16GB DDR5,1440p,Yes,15%,General / Low
BUILD_0482,Intel Core i7-10700K,NVIDIA RTX 4070 Ti,ASUS Prime Z490-A,32GB DDR4,1440p,Yes,30%,CPU Bottleneck
BUILD_0483,AMD Ryzen 7 3700X,AMD Radeon RX 6600,Gigabyte B550 AORUS Elite,16GB DDR4,1080p,Yes,14%,General / Low
BUILD_0484,Intel Core i5-13600K,NVIDIA RTX 3060,ASRock B760M,32GB DDR5,1440p,Yes,26%,GPU Bottleneck
BUILD_0485,AMD Ryzen 7 7800X3D,AMD Radeon RX 7900 XTX,MSI MAG B650 Tomahawk,32GB DDR5,4K,Yes,16%,General / Low
BUILD_0486,Intel Core i3-12100F,NVIDIA GTX 1660 Super,ASUS ROG Strix Z790,8GB DDR4,1080p,Yes,18%,General / Low
BUILD_0487,AMD Ryzen 5 5600X,NVIDIA RTX 4090,ASUS Prime Z490-A,16GB DDR4,1080p,No,51%,CPU Bottleneck
BUILD_0488,Intel Core i9-14900K,AMD Radeon RX 7700 XT,ASRock B760M,32GB DDR5,1440p,Yes,33%,GPU Bottleneck
BUILD_0489,AMD Ryzen 5 7600X,NVIDIA RTX 4070 Ti,MSI MAG B650 Tomahawk,16GB DDR5,1440p,Yes,19%,General / Low
BUILD_0490,Intel Core i7-10700K,AMD Radeon RX 6600,ASUS Prime Z490-A,16GB DDR4,1080p,Yes,18%,General / Low
BUILD_0491,AMD Ryzen 7 3700X,NVIDIA RTX 3060,Gigabyte B550 AORUS Elite,32GB DDR4,1440p,Yes,19%,General / Low
BUILD_0492,Intel Core i5-13600K,AMD Radeon RX 7900 XTX,ASRock B760M,32GB DDR5,1440p,Yes,23%,CPU Bottleneck
BUILD_0493,AMD Ryzen 7 7800X3D,NVIDIA GTX 1660 Super,MSI MAG B650 Tomahawk,16GB DDR5,4K,Yes,56%,GPU Bottleneck
BUILD_0494,Intel Core i3-12100F,AMD Radeon RX 7700 XT,ASUS ROG Strix Z790,8GB DDR4,1080p,Yes,41%,CPU Bottleneck
BUILD_0495,AMD Ryzen 5 5600X,NVIDIA RTX 4090,Gigabyte B550 AORUS Elite,32GB DDR4,1080p,Yes,59%,CPU Bottleneck
BUILD_0496,Intel Core i9-14900K,NVIDIA RTX 4070 Ti,ASUS ROG Strix Z790,32GB DDR5,1440p,Yes,14%,General / Low
BUILD_0497,AMD Ryzen 5 7600X,AMD Radeon RX 6600,MSI MAG B650 Tomahawk,16GB DDR5,1080p,Yes,17%,General / Low
BUILD_0498,Intel Core i7-10700K,NVIDIA RTX 3060,ASUS Prime Z490-A,16GB DDR4,1440p,Yes,18%,General / Low
BUILD_0499,AMD Ryzen 7 3700X,AMD Radeon RX 7900 XTX,Gigabyte B550 AORUS Elite,32GB DDR4,4K,Yes,53%,GPU Bottleneck
BUILD_0500,Intel Core i5-13600K,NVIDIA GTX 1660 Super,ASRock B760M,16GB DDR4,1080p,Yes,39%,GPU Bottleneck
BUILD_0501,Intel Core i9-14900K,NVIDIA RTX 4090,MSI MAG B650 Tomahawk,32GB DDR5,4K,No (Socket Mismatch),5%,General / Low
BUILD_0502,Intel Core i9-14900K,NVIDIA RTX 4090,ASUS Prime Z490-A,16GB DDR5,1440p,No (Socket Mismatch),16%,CPU Bottleneck
BUILD_0503,Intel Core i9-14900K,NVIDIA RTX 4090,Gigabyte B550 AORUS Elite,32GB DDR5,1080p,No (Socket Mismatch),12%,CPU Bottleneck
BUILD_0504,Intel Core i9-14900K,NVIDIA RTX 4090,ASRock B760M,16GB DDR5,1440p,Yes,5%,General / Low
BUILD_0505,Intel Core i9-14900K,NVIDIA RTX 4090,ASUS ROG Strix Z790,8GB DDR5,1080p,Yes,5%,General / Low
BUILD_0506,Intel Core i9-14900K,AMD Radeon RX 7900 XTX,MSI MAG B650 Tomahawk,16GB DDR5,1080p,No (Socket Mismatch),12%,General / Low
BUILD_0507,Intel Core i9-14900K,AMD Radeon RX 7900 XTX,ASUS Prime Z490-A,32GB DDR5,4K,No (Socket Mismatch),4%,General / Low
BUILD_0508,Intel Core i9-14900K,AMD Radeon RX 7900 XTX,Gigabyte B550 AORUS Elite,16GB DDR5,1440p,No (Socket Mismatch),6%,General / Low
BUILD_0509,Intel Core i9-14900K,AMD Radeon RX 7900 XTX,ASRock B760M,32GB DDR5,1080p,Yes,4%,General / Low
BUILD_0510,Intel Core i9-14900K,AMD Radeon RX 7900 XTX,ASUS ROG Strix Z790,64GB DDR5,4K,Yes,4%,General / Low
BUILD_0511,Intel Core i9-14900K,NVIDIA RTX 4070 Ti,MSI MAG B650 Tomahawk,16GB DDR5,1440p,No (Socket Mismatch),14%,CPU Bottleneck
BUILD_0512,Intel Core i9-14900K,NVIDIA RTX 4070 Ti,ASUS Prime Z490-A,32GB DDR5,1080p,No (Socket Mismatch),15%,CPU Bottleneck
BUILD_0513,Intel Core i9-14900K,NVIDIA RTX 4070 Ti,Gigabyte B550 AORUS Elite,16GB DDR5,1440p,No (Socket Mismatch),14%,CPU Bottleneck
BUILD_0514,Intel Core i9-14900K,NVIDIA RTX 4070 Ti,ASRock B760M,32GB DDR5,1080p,Yes,14%,CPU Bottleneck
BUILD_0515,Intel Core i9-14900K,NVIDIA RTX 4070 Ti,ASUS ROG Strix Z790,32GB DDR5,4K,Yes,8%,General / Low
BUILD_0516,Intel Core i9-14900K,AMD Radeon RX 7700 XT,MSI MAG B650 Tomahawk,16GB DDR5,1080p,No (Socket Mismatch),24%,GPU Bottleneck
BUILD_0517,Intel Core i9-14900K,AMD Radeon RX 7700 XT,ASUS Prime Z490-A,32GB DDR5,1440p,No (Socket Mismatch),25%,GPU Bottleneck
BUILD_0518,Intel Core i9-14900K,AMD Radeon RX 7700 XT,Gigabyte B550 AORUS Elite,16GB DDR5,4K,No (Socket Mismatch),26%,GPU Bottleneck
BUILD_0519,Intel Core i9-14900K,AMD Radeon RX 7700 XT,ASRock B760M,32GB DDR5,1080p,Yes,24%,GPU Bottleneck
BUILD_0520,Intel Core i9-14900K,AMD Radeon RX 7700 XT,ASUS ROG Strix Z790,16GB DDR5,1440p,Yes,25%,GPU Bottleneck
BUILD_0521,Intel Core i9-14900K,NVIDIA RTX 3060,MSI MAG B650 Tomahawk,32GB DDR5,4K,No (Socket Mismatch),35%,GPU Bottleneck
BUILD_0522,Intel Core i9-14900K,NVIDIA RTX 3060,ASUS Prime Z490-A,16GB DDR5,1080p,No (Socket Mismatch),33%,GPU Bottleneck
BUILD_0523,Intel Core i9-14900K,NVIDIA RTX 3060,Gigabyte B550 AORUS Elite,32GB DDR5,1440p,No (Socket Mismatch),34%,GPU Bottleneck
BUILD_0524,Intel Core i9-14900K,NVIDIA RTX 3060,ASRock B760M,64GB DDR5,4K,Yes,35%,GPU Bottleneck
BUILD_0525,Intel Core i9-14900K,NVIDIA RTX 3060,ASUS ROG Strix Z790,16GB DDR5,1080p,Yes,33%,GPU Bottleneck
BUILD_0526,Intel Core i9-14900K,AMD Radeon RX 6600,MSI MAG B650 Tomahawk,32GB DDR5,1440p,No (Socket Mismatch),38%,GPU Bottleneck
BUILD_0527,Intel Core i9-14900K,AMD Radeon RX 6600,ASUS Prime Z490-A,16GB DDR5,1080p,No (Socket Mismatch),36%,GPU Bottleneck
BUILD_0528,Intel Core i9-14900K,AMD Radeon RX 6600,Gigabyte B550 AORUS Elite,32GB DDR5,1440p,No (Socket Mismatch),37%,GPU Bottleneck
BUILD_0529,Intel Core i9-14900K,AMD Radeon RX 6600,ASRock B760M,32GB DDR5,1080p,Yes,36%,GPU Bottleneck
BUILD_0530,Intel Core i9-14900K,AMD Radeon RX 6600,ASUS ROG Strix Z790,16GB DDR5,4K,Yes,38%,GPU Bottleneck
BUILD_0531,Intel Core i9-14900K,NVIDIA GTX 1660 Super,MSI MAG B650 Tomahawk,32GB DDR5,1080p,No (Socket Mismatch),48%,GPU Bottleneck
BUILD_0532,Intel Core i9-14900K,NVIDIA GTX 1660 Super,ASUS Prime Z490-A,16GB DDR5,1440p,No (Socket Mismatch),49%,GPU Bottleneck
BUILD_0533,Intel Core i9-14900K,NVIDIA GTX 1660 Super,Gigabyte B550 AORUS Elite,32GB DDR5,4K,No (Socket Mismatch),50%,GPU Bottleneck
BUILD_0534,Intel Core i9-14900K,NVIDIA GTX 1660 Super,ASRock B760M,16GB DDR5,1080p,Yes,48%,GPU Bottleneck
BUILD_0535,Intel Core i9-14900K,NVIDIA GTX 1660 Super,ASUS ROG Strix Z790,32GB DDR5,1440p,Yes,49%,GPU Bottleneck
BUILD_0536,AMD Ryzen 7 7800X3D,NVIDIA RTX 4090,MSI MAG B650 Tomahawk,16GB DDR5,4K,Yes,6%,General / Low
BUILD_0537,AMD Ryzen 7 7800X3D,NVIDIA RTX 4090,ASUS Prime Z490-A,32GB DDR5,1080p,No (Socket Mismatch),18%,CPU Bottleneck
BUILD_0538,AMD Ryzen 7 7800X3D,NVIDIA RTX 4090,Gigabyte B550 AORUS Elite,16GB DDR5,1440p,No (Socket Mismatch),15%,CPU Bottleneck
BUILD_0539,AMD Ryzen 7 7800X3D,NVIDIA RTX 4090,ASRock B760M,32GB DDR5,1080p,No (Socket Mismatch),18%,CPU Bottleneck
BUILD_0540,AMD Ryzen 7 7800X3D,NVIDIA RTX 4090,ASUS ROG Strix Z790,64GB DDR5,4K,No (Socket Mismatch),6%,General / Low
BUILD_0541,AMD Ryzen 7 7800X3D,AMD Radeon RX 7900 XTX,MSI MAG B650 Tomahawk,16GB DDR5,1080p,Yes,5%,General / Low
BUILD_0542,AMD Ryzen 7 7800X3D,AMD Radeon RX 7900 XTX,ASUS Prime Z490-A,32GB DDR5,1440p,No (Socket Mismatch),14%,CPU Bottleneck
BUILD_0543,AMD Ryzen 7 7800X3D,AMD Radeon RX 7900 XTX,Gigabyte B550 AORUS Elite,16GB DDR5,1080p,No (Socket Mismatch),15%,CPU Bottleneck
BUILD_0544,AMD Ryzen 7 7800X3D,AMD Radeon RX 7900 XTX,ASRock B760M,32GB DDR5,1440p,No (Socket Mismatch),14%,CPU Bottleneck
BUILD_0545,AMD Ryzen 7 7800X3D,AMD Radeon RX 7900 XTX,ASUS ROG Strix Z790,16GB DDR5,4K,No (Socket Mismatch),5%,General / Low
BUILD_0546,AMD Ryzen 7 7800X3D,NVIDIA RTX 4070 Ti,MSI MAG B650 Tomahawk,32GB DDR5,1440p,Yes,16%,CPU Bottleneck
BUILD_0547,AMD Ryzen 7 7800X3D,NVIDIA RTX 4070 Ti,ASUS Prime Z490-A,16GB DDR5,1080p,No (Socket Mismatch),18%,CPU Bottleneck
BUILD_0548,AMD Ryzen 7 7800X3D,NVIDIA RTX 4070 Ti,Gigabyte B550 AORUS Elite,32GB DDR5,1440p,No (Socket Mismatch),16%,CPU Bottleneck
BUILD_0549,AMD Ryzen 7 7800X3D,NVIDIA RTX 4070 Ti,ASRock B760M,16GB DDR5,1080p,No (Socket Mismatch),18%,CPU Bottleneck
BUILD_0550,AMD Ryzen 7 7800X3D,NVIDIA RTX 4070 Ti,ASUS ROG Strix Z790,32GB DDR5,4K,No (Socket Mismatch),11%,General / Low
BUILD_0551,AMD Ryzen 7 7800X3D,AMD Radeon RX 7700 XT,MSI MAG B650 Tomahawk,16GB DDR5,1080p,Yes,28%,CPU Bottleneck
BUILD_0552,AMD Ryzen 7 7800X3D,AMD Radeon RX 7700 XT,ASUS Prime Z490-A,32GB DDR5,1440p,No (Socket Mismatch),29%,CPU Bottleneck
BUILD_0553,AMD Ryzen 7 7800X3D,AMD Radeon RX 7700 XT,Gigabyte B550 AORUS Elite,16GB DDR5,4K,No (Socket Mismatch),30%,GPU Bottleneck
BUILD_0554,AMD Ryzen 7 7800X3D,AMD Radeon RX 7700 XT,ASRock B760M,32GB DDR5,1080p,No (Socket Mismatch),28%,CPU Bottleneck
BUILD_0555,AMD Ryzen 7 7800X3D,AMD Radeon RX 7700 XT,ASUS ROG Strix Z790,16GB DDR5,1440p,No (Socket Mismatch),29%,CPU Bottleneck
BUILD_0556,AMD Ryzen 7 7800X3D,NVIDIA RTX 3060,MSI MAG B650 Tomahawk,32GB DDR5,4K,Yes,43%,GPU Bottleneck
BUILD_0557,AMD Ryzen 7 7800X3D,NVIDIA RTX 3060,ASUS Prime Z490-A,16GB DDR5,1080p,No (Socket Mismatch),41%,GPU Bottleneck
BUILD_0558,AMD Ryzen 7 7800X3D,NVIDIA RTX 3060,Gigabyte B550 AORUS Elite,32GB DDR5,1440p,No (Socket Mismatch),42%,GPU Bottleneck
BUILD_0559,AMD Ryzen 7 7800X3D,NVIDIA RTX 3060,ASRock B760M,64GB DDR5,4K,No (Socket Mismatch),43%,GPU Bottleneck
BUILD_0560,AMD Ryzen 7 7800X3D,NVIDIA RTX 3060,ASUS ROG Strix Z790,16GB DDR5,1080p,No (Socket Mismatch),41%,GPU Bottleneck
BUILD_0561,AMD Ryzen 7 7800X3D,AMD Radeon RX 6600,MSI MAG B650 Tomahawk,32GB DDR5,1440p,Yes,46%,GPU Bottleneck
BUILD_0562,AMD Ryzen 7 7800X3D,AMD Radeon RX 6600,ASUS Prime Z490-A,16GB DDR5,1080p,No (Socket Mismatch),44%,GPU Bottleneck
BUILD_0563,AMD Ryzen 7 7800X3D,AMD Radeon RX 6600,Gigabyte B550 AORUS Elite,32GB DDR5,1440p,No (Socket Mismatch),45%,GPU Bottleneck
BUILD_0564,AMD Ryzen 7 7800X3D,AMD Radeon RX 6600,ASRock B760M,32GB DDR5,1080p,No (Socket Mismatch),44%,GPU Bottleneck
BUILD_0565,AMD Ryzen 7 7800X3D,AMD Radeon RX 6600,ASUS ROG Strix Z790,16GB DDR5,4K,No (Socket Mismatch),46%,GPU Bottleneck
BUILD_0566,AMD Ryzen 7 7800X3D,NVIDIA GTX 1660 Super,MSI MAG B650 Tomahawk,32GB DDR5,1080p,Yes,56%,GPU Bottleneck
BUILD_0567,AMD Ryzen 7 7800X3D,NVIDIA GTX 1660 Super,ASUS Prime Z490-A,16GB DDR5,1440p,No (Socket Mismatch),57%,GPU Bottleneck
BUILD_0568,AMD Ryzen 7 7800X3D,NVIDIA GTX 1660 Super,Gigabyte B550 AORUS Elite,32GB DDR5,4K,No (Socket Mismatch),58%,GPU Bottleneck
BUILD_0569,AMD Ryzen 7 7800X3D,NVIDIA GTX 1660 Super,ASRock B760M,16GB DDR5,1080p,No (Socket Mismatch),56%,GPU Bottleneck
BUILD_0570,AMD Ryzen 7 7800X3D,NVIDIA GTX 1660 Super,ASUS ROG Strix Z790,32GB DDR5,1440p,No (Socket Mismatch),57%,GPU Bottleneck
BUILD_0571,Intel Core i5-13600K,NVIDIA RTX 4090,MSI MAG B650 Tomahawk,16GB DDR5,4K,No (Socket Mismatch),14%,General / Low
BUILD_0572,Intel Core i5-13600K,NVIDIA RTX 4090,ASUS Prime Z490-A,32GB DDR5,1080p,No (Socket Mismatch),26%,CPU Bottleneck
BUILD_0573,Intel Core i5-13600K,NVIDIA RTX 4090,Gigabyte B550 AORUS Elite,16GB DDR5,1440p,No (Socket Mismatch),23%,CPU Bottleneck
BUILD_0574,Intel Core i5-13600K,NVIDIA RTX 4090,ASRock B760M,32GB DDR5,1080p,Yes,26%,CPU Bottleneck
BUILD_0575,Intel Core i5-13600K,NVIDIA RTX 4090,ASUS ROG Strix Z790,64GB DDR5,4K,Yes,14%,General / Low
BUILD_0576,Intel Core i5-13600K,AMD Radeon RX 7900 XTX,MSI MAG B650 Tomahawk,16GB DDR5,1080p,No (Socket Mismatch),13%,General / Low
BUILD_0577,Intel Core i5-13600K,AMD Radeon RX 7900 XTX,ASUS Prime Z490-A,32GB DDR5,1440p,No (Socket Mismatch),22%,CPU Bottleneck
BUILD_0578,Intel Core i5-13600K,AMD Radeon RX 7900 XTX,Gigabyte B550 AORUS Elite,16GB DDR5,1080p,No (Socket Mismatch),23%,CPU Bottleneck
BUILD_0579,Intel Core i5-13600K,AMD Radeon RX 7900 XTX,ASRock B760M,32GB DDR5,1440p,Yes,22%,CPU Bottleneck
BUILD_0580,Intel Core i5-13600K,AMD Radeon RX 7900 XTX,ASUS ROG Strix Z790,16GB DDR5,4K,Yes,13%,General / Low
BUILD_0581,Intel Core i5-13600K,NVIDIA RTX 4070 Ti,MSI MAG B650 Tomahawk,32GB DDR5,1440p,No (Socket Mismatch),6%,General / Low
BUILD_0582,Intel Core i5-13600K,NVIDIA RTX 4070 Ti,ASUS Prime Z490-A,16GB DDR5,1080p,No (Socket Mismatch),8%,General / Low
BUILD_0583,Intel Core i5-13600K,NVIDIA RTX 4070 Ti,Gigabyte B550 AORUS Elite,32GB DDR5,1440p,No (Socket Mismatch),6%,General / Low
BUILD_0584,Intel Core i5-13600K,NVIDIA RTX 4070 Ti,ASRock B760M,16GB DDR5,1080p,Yes,8%,General / Low
BUILD_0585,Intel Core i5-13600K,NVIDIA RTX 4070 Ti,ASUS ROG Strix Z790,32GB DDR5,4K,Yes,4%,General / Low
BUILD_0586,Intel Core i5-13600K,AMD Radeon RX 7700 XT,MSI MAG B650 Tomahawk,16GB DDR5,1080p,No (Socket Mismatch),8%,General / Low
BUILD_0587,Intel Core i5-13600K,AMD Radeon RX 7700 XT,ASUS Prime Z490-A,32GB DDR5,1440p,No (Socket Mismatch),9%,General / Low
BUILD_0588,Intel Core i5-13600K,AMD Radeon RX 7700 XT,Gigabyte B550 AORUS Elite,16GB DDR5,4K,No (Socket Mismatch),10%,General / Low
BUILD_0589,Intel Core i5-13600K,AMD Radeon RX 7700 XT,ASRock B760M,32GB DDR5,1080p,Yes,8%,General / Low
BUILD_0590,Intel Core i5-13600K,AMD Radeon RX 7700 XT,ASUS ROG Strix Z790,16GB DDR5,1440p,Yes,9%,General / Low
BUILD_0591,Intel Core i5-13600K,NVIDIA RTX 3060,MSI MAG B650 Tomahawk,32GB DDR5,4K,No (Socket Mismatch),21%,GPU Bottleneck
BUILD_0592,Intel Core i5-13600K,NVIDIA RTX 3060,ASUS Prime Z490-A,16GB DDR5,1080p,No (Socket Mismatch),19%,GPU Bottleneck
BUILD_0593,Intel Core i5-13600K,NVIDIA RTX 3060,Gigabyte B550 AORUS Elite,32GB DDR5,1440p,No (Socket Mismatch),20%,GPU Bottleneck
BUILD_0594,Intel Core i5-13600K,NVIDIA RTX 3060,ASRock B760M,64GB DDR5,4K,Yes,21%,GPU Bottleneck
BUILD_0595,Intel Core i5-13600K,NVIDIA RTX 3060,ASUS ROG Strix Z790,16GB DDR5,1080p,Yes,19%,GPU Bottleneck
BUILD_0596,Intel Core i5-13600K,AMD Radeon RX 6600,MSI MAG B650 Tomahawk,32GB DDR5,1440p,No (Socket Mismatch),25%,GPU Bottleneck
BUILD_0597,Intel Core i5-13600K,AMD Radeon RX 6600,ASUS Prime Z490-A,16GB DDR5,1080p,No (Socket Mismatch),23%,GPU Bottleneck
BUILD_0598,Intel Core i5-13600K,AMD Radeon RX 6600,Gigabyte B550 AORUS Elite,32GB DDR5,1440p,No (Socket Mismatch),24%,GPU Bottleneck
BUILD_0599,Intel Core i5-13600K,AMD Radeon RX 6600,ASRock B760M,32GB DDR5,1080p,Yes,23%,GPU Bottleneck
BUILD_0600,Intel Core i5-13600K,AMD Radeon RX 6600,ASUS ROG Strix Z790,16GB DDR5,4K,Yes,25%,GPU Bottleneck
BUILD_0601,Intel Core i5-13600K,NVIDIA GTX 1660 Super,MSI MAG B650 Tomahawk,32GB DDR5,1080p,No (Socket Mismatch),35%,GPU Bottleneck
BUILD_0602,Intel Core i5-13600K,NVIDIA GTX 1660 Super,ASUS Prime Z490-A,16GB DDR5,1440p,No (Socket Mismatch),37%,GPU Bottleneck
BUILD_0603,Intel Core i5-13600K,NVIDIA GTX 1660 Super,Gigabyte B550 AORUS Elite,32GB DDR5,4K,No (Socket Mismatch),39%,GPU Bottleneck
BUILD_0604,Intel Core i5-13600K,NVIDIA GTX 1660 Super,ASRock B760M,16GB DDR5,1080p,Yes,35%,GPU Bottleneck
BUILD_0605,Intel Core i5-13600K,NVIDIA GTX 1660 Super,ASUS ROG Strix Z790,32GB DDR5,1440p,Yes,37%,GPU Bottleneck
BUILD_0606,AMD Ryzen 5 7600X,NVIDIA RTX 4090,MSI MAG B650 Tomahawk,16GB DDR5,4K,Yes,24%,GPU Bottleneck
BUILD_0607,AMD Ryzen 5 7600X,NVIDIA RTX 4090,ASUS Prime Z490-A,32GB DDR5,1080p,No (Socket Mismatch),31%,CPU Bottleneck
BUILD_0608,AMD Ryzen 5 7600X,NVIDIA RTX 4090,Gigabyte B550 AORUS Elite,16GB DDR5,1440p,No (Socket Mismatch),28%,CPU Bottleneck
BUILD_0609,AMD Ryzen 5 7600X,NVIDIA RTX 4090,ASRock B760M,32GB DDR5,1080p,No (Socket Mismatch),31%,CPU Bottleneck
BUILD_0610,AMD Ryzen 5 7600X,NVIDIA RTX 4090,ASUS ROG Strix Z790,64GB DDR5,4K,No (Socket Mismatch),24%,GPU Bottleneck
BUILD_0611,AMD Ryzen 5 7600X,AMD Radeon RX 7900 XTX,MSI MAG B650 Tomahawk,16GB DDR5,1080p,Yes,21%,CPU Bottleneck
BUILD_0612,AMD Ryzen 5 7600X,AMD Radeon RX 7900 XTX,ASUS Prime Z490-A,32GB DDR5,1440p,No (Socket Mismatch),23%,CPU Bottleneck
BUILD_0613,AMD Ryzen 5 7600X,AMD Radeon RX 7900 XTX,Gigabyte B550 AORUS Elite,16GB DDR5,1080p,No (Socket Mismatch),21%,CPU Bottleneck
BUILD_0614,AMD Ryzen 5 7600X,AMD Radeon RX 7900 XTX,ASRock B760M,32GB DDR5,1440p,No (Socket Mismatch),23%,CPU Bottleneck
BUILD_0615,AMD Ryzen 5 7600X,AMD Radeon RX 7900 XTX,ASUS ROG Strix Z790,16GB DDR5,4K,No (Socket Mismatch),25%,GPU Bottleneck
BUILD_0616,AMD Ryzen 5 7600X,NVIDIA RTX 4070 Ti,MSI MAG B650 Tomahawk,32GB DDR5,1440p,Yes,11%,General / Low
BUILD_0617,AMD Ryzen 5 7600X,NVIDIA RTX 4070 Ti,ASUS Prime Z490-A,16GB DDR5,1080p,No (Socket Mismatch),13%,General / Low
BUILD_0618,AMD Ryzen 5 7600X,NVIDIA RTX 4070 Ti,Gigabyte B550 AORUS Elite,32GB DDR5,1440p,No (Socket Mismatch),11%,General / Low
BUILD_0619,AMD Ryzen 5 7600X,NVIDIA RTX 4070 Ti,ASRock B760M,16GB DDR5,1080p,No (Socket Mismatch),13%,General / Low
BUILD_0620,AMD Ryzen 5 7600X,NVIDIA RTX 4070 Ti,ASUS ROG Strix Z790,32GB DDR5,4K,No (Socket Mismatch),8%,General / Low
BUILD_0621,AMD Ryzen 5 7600X,AMD Radeon RX 7700 XT,MSI MAG B650 Tomahawk,16GB DDR5,1080p,Yes,8%,General / Low
BUILD_0622,AMD Ryzen 5 7600X,AMD Radeon RX 7700 XT,ASUS Prime Z490-A,32GB DDR5,1440p,No (Socket Mismatch),9%,General / Low
BUILD_0623,AMD Ryzen 5 7600X,AMD Radeon RX 7700 XT,Gigabyte B550 AORUS Elite,16GB DDR5,4K,No (Socket Mismatch),10%,General / Low
BUILD_0624,AMD Ryzen 5 7600X,AMD Radeon RX 7700 XT,ASRock B760M,32GB DDR5,1080p,No (Socket Mismatch),8%,General / Low
BUILD_0625,AMD Ryzen 5 7600X,AMD Radeon RX 7700 XT,ASUS ROG Strix Z790,16GB DDR5,1440p,No (Socket Mismatch),9%,General / Low
BUILD_0626,AMD Ryzen 5 7600X,NVIDIA RTX 3060,MSI MAG B650 Tomahawk,32GB DDR5,4K,Yes,21%,GPU Bottleneck
BUILD_0627,AMD Ryzen 5 7600X,NVIDIA RTX 3060,ASUS Prime Z490-A,16GB DDR5,1080p,No (Socket Mismatch),19%,GPU Bottleneck
BUILD_0628,AMD Ryzen 5 7600X,NVIDIA RTX 3060,Gigabyte B550 AORUS Elite,32GB DDR5,1440p,No (Socket Mismatch),20%,GPU Bottleneck
BUILD_0629,AMD Ryzen 5 7600X,NVIDIA RTX 3060,ASRock B760M,64GB DDR5,4K,No (Socket Mismatch),21%,GPU Bottleneck
BUILD_0630,AMD Ryzen 5 7600X,NVIDIA RTX 3060,ASUS ROG Strix Z790,16GB DDR5,1080p,No (Socket Mismatch),19%,GPU Bottleneck
BUILD_0631,AMD Ryzen 5 7600X,AMD Radeon RX 6600,MSI MAG B650 Tomahawk,32GB DDR5,1440p,Yes,25%,GPU Bottleneck
BUILD_0632,AMD Ryzen 5 7600X,AMD Radeon RX 6600,ASUS Prime Z490-A,16GB DDR5,1080p,No (Socket Mismatch),23%,GPU Bottleneck
BUILD_0633,AMD Ryzen 5 7600X,AMD Radeon RX 6600,Gigabyte B550 AORUS Elite,32GB DDR5,1440p,No (Socket Mismatch),24%,GPU Bottleneck
BUILD_0634,AMD Ryzen 5 7600X,AMD Radeon RX 6600,ASRock B760M,32GB DDR5,1080p,No (Socket Mismatch),23%,GPU Bottleneck
BUILD_0635,AMD Ryzen 5 7600X,AMD Radeon RX 6600,ASUS ROG Strix Z790,16GB DDR5,4K,No (Socket Mismatch),25%,GPU Bottleneck
BUILD_0636,AMD Ryzen 5 7600X,NVIDIA GTX 1660 Super,MSI MAG B650 Tomahawk,32GB DDR5,1080p,Yes,35%,GPU Bottleneck
BUILD_0637,AMD Ryzen 5 7600X,NVIDIA GTX 1660 Super,ASUS Prime Z490-A,16GB DDR5,1440p,No (Socket Mismatch),37%,GPU Bottleneck
BUILD_0638,AMD Ryzen 5 7600X,NVIDIA GTX 1660 Super,Gigabyte B550 AORUS Elite,32GB DDR5,4K,No (Socket Mismatch),39%,GPU Bottleneck
BUILD_0639,AMD Ryzen 5 7600X,NVIDIA GTX 1660 Super,ASRock B760M,16GB DDR5,1080p,No (Socket Mismatch),35%,GPU Bottleneck
BUILD_0640,AMD Ryzen 5 7600X,NVIDIA GTX 1660 Super,ASUS ROG Strix Z790,32GB DDR5,1440p,No (Socket Mismatch),37%,GPU Bottleneck
BUILD_0641,Intel Core i3-12100F,NVIDIA RTX 4090,MSI MAG B650 Tomahawk,16GB DDR4,4K,No (Socket Mismatch),53%,GPU Bottleneck
BUILD_0642,Intel Core i3-12100F,NVIDIA RTX 4090,ASUS Prime Z490-A,32GB DDR4,1080p,No (Socket Mismatch),59%,CPU Bottleneck
BUILD_0643,Intel Core i3-12100F,NVIDIA RTX 4090,Gigabyte B550 AORUS Elite,16GB DDR4,1440p,No (Socket Mismatch),55%,CPU Bottleneck
BUILD_0644,Intel Core i3-12100F,NVIDIA RTX 4090,ASRock B760M,32GB DDR4,1080p,Yes,59%,CPU Bottleneck
BUILD_0645,Intel Core i3-12100F,NVIDIA RTX 4090,ASUS ROG Strix Z790,64GB DDR4,4K,Yes,53%,GPU Bottleneck
BUILD_0646,Intel Core i3-12100F,AMD Radeon RX 7900 XTX,MSI MAG B650 Tomahawk,16GB DDR4,1080p,No (Socket Mismatch),51%,CPU Bottleneck
BUILD_0647,Intel Core i3-12100F,AMD Radeon RX 7900 XTX,ASUS Prime Z490-A,32GB DDR4,1440p,No (Socket Mismatch),54%,GPU Bottleneck
BUILD_0648,Intel Core i3-12100F,AMD Radeon RX 7900 XTX,Gigabyte B550 AORUS Elite,16GB DDR4,1080p,No (Socket Mismatch),51%,CPU Bottleneck
BUILD_0649,Intel Core i3-12100F,AMD Radeon RX 7900 XTX,ASRock B760M,32GB DDR4,1440p,Yes,54%,GPU Bottleneck
BUILD_0650,Intel Core i3-12100F,AMD Radeon RX 7900 XTX,ASUS ROG Strix Z790,16GB DDR4,4K,Yes,56%,GPU Bottleneck
BUILD_0651,Intel Core i3-12100F,NVIDIA RTX 4070 Ti,MSI MAG B650 Tomahawk,32GB DDR4,1440p,No (Socket Mismatch),32%,CPU Bottleneck
BUILD_0652,Intel Core i3-12100F,NVIDIA RTX 4070 Ti,ASUS Prime Z490-A,16GB DDR4,1080p,No (Socket Mismatch),35%,CPU Bottleneck
BUILD_0653,Intel Core i3-12100F,NVIDIA RTX 4070 Ti,Gigabyte B550 AORUS Elite,32GB DDR4,1440p,No (Socket Mismatch),32%,CPU Bottleneck
BUILD_0654,Intel Core i3-12100F,NVIDIA RTX 4070 Ti,ASRock B760M,16GB DDR4,1080p,Yes,35%,CPU Bottleneck
BUILD_0655,Intel Core i3-12100F,NVIDIA RTX 4070 Ti,ASUS ROG Strix Z790,32GB DDR4,4K,Yes,28%,GPU Bottleneck
BUILD_0656,Intel Core i3-12100F,AMD Radeon RX 7700 XT,MSI MAG B650 Tomahawk,16GB DDR4,1080p,No (Socket Mismatch),26%,CPU Bottleneck
BUILD_0657,Intel Core i3-12100F,AMD Radeon RX 7700 XT,ASUS Prime Z490-A,32GB DDR4,1440p,No (Socket Mismatch),28%,CPU Bottleneck
BUILD_0658,Intel Core i3-12100F,AMD Radeon RX 7700 XT,Gigabyte B550 AORUS Elite,16GB DDR4,4K,No (Socket Mismatch),30%,GPU Bottleneck
BUILD_0659,Intel Core i3-12100F,AMD Radeon RX 7700 XT,ASRock B760M,32GB DDR4,1080p,Yes,26%,CPU Bottleneck
BUILD_0660,Intel Core i3-12100F,AMD Radeon RX 7700 XT,ASUS ROG Strix Z790,16GB DDR4,1440p,Yes,28%,CPU Bottleneck
BUILD_0661,Intel Core i3-12100F,NVIDIA RTX 3060,MSI MAG B650 Tomahawk,32GB DDR4,4K,No (Socket Mismatch),14%,GPU Bottleneck
BUILD_0662,Intel Core i3-12100F,NVIDIA RTX 3060,ASUS Prime Z490-A,16GB DDR4,1080p,No (Socket Mismatch),11%,General / Low
BUILD_0663,Intel Core i3-12100F,NVIDIA RTX 3060,Gigabyte B550 AORUS Elite,32GB DDR4,1440p,No (Socket Mismatch),12%,General / Low
BUILD_0664,Intel Core i3-12100F,NVIDIA RTX 3060,ASRock B760M,64GB DDR4,4K,Yes,14%,GPU Bottleneck
BUILD_0665,Intel Core i3-12100F,NVIDIA RTX 3060,ASUS ROG Strix Z790,16GB DDR4,1080p,Yes,11%,General / Low
BUILD_0666,Intel Core i3-12100F,AMD Radeon RX 6600,MSI MAG B650 Tomahawk,32GB DDR4,1440p,No (Socket Mismatch),15%,GPU Bottleneck
BUILD_0667,Intel Core i3-12100F,AMD Radeon RX 6600,ASUS Prime Z490-A,16GB DDR4,1080p,No (Socket Mismatch),13%,General / Low
BUILD_0668,Intel Core i3-12100F,AMD Radeon RX 6600,Gigabyte B550 AORUS Elite,32GB DDR4,1440p,No (Socket Mismatch),14%,General / Low
BUILD_0669,Intel Core i3-12100F,AMD Radeon RX 6600,ASRock B760M,32GB DDR4,1080p,Yes,13%,General / Low
BUILD_0670,Intel Core i3-12100F,AMD Radeon RX 6600,ASUS ROG Strix Z790,16GB DDR4,4K,Yes,15%,GPU Bottleneck
BUILD_0671,Intel Core i3-12100F,NVIDIA GTX 1660 Super,MSI MAG B650 Tomahawk,32GB DDR4,1080p,No (Socket Mismatch),8%,General / Low
BUILD_0672,Intel Core i3-12100F,NVIDIA GTX 1660 Super,ASUS Prime Z490-A,16GB DDR4,1440p,No (Socket Mismatch),9%,General / Low
BUILD_0673,Intel Core i3-12100F,NVIDIA GTX 1660 Super,Gigabyte B550 AORUS Elite,32GB DDR4,4K,No (Socket Mismatch),10%,General / Low
BUILD_0674,Intel Core i3-12100F,NVIDIA GTX 1660 Super,ASRock B760M,16GB DDR4,1080p,Yes,8%,General / Low
BUILD_0675,Intel Core i3-12100F,NVIDIA GTX 1660 Super,ASUS ROG Strix Z790,32GB DDR4,1440p,Yes,9%,General / Low
BUILD_0676,AMD Ryzen 5 5600X,NVIDIA RTX 4090,MSI MAG B650 Tomahawk,16GB DDR4,4K,No (Socket Mismatch),50%,GPU Bottleneck
BUILD_0677,AMD Ryzen 5 5600X,NVIDIA RTX 4090,ASUS Prime Z490-A,32GB DDR4,1080p,No (Socket Mismatch),58%,CPU Bottleneck
BUILD_0678,AMD Ryzen 5 5600X,NVIDIA RTX 4090,Gigabyte B550 AORUS Elite,16GB DDR4,1440p,Yes,55%,CPU Bottleneck
BUILD_0679,AMD Ryzen 5 5600X,NVIDIA RTX 4090,ASRock B760M,32GB DDR4,1080p,No (Socket Mismatch),58%,CPU Bottleneck
BUILD_0680,AMD Ryzen 5 5600X,NVIDIA RTX 4090,ASUS ROG Strix Z790,64GB DDR4,4K,No (Socket Mismatch),50%,GPU Bottleneck
BUILD_0681,AMD Ryzen 5 5600X,AMD Radeon RX 7900 XTX,MSI MAG B650 Tomahawk,16GB DDR4,1080p,No (Socket Mismatch),49%,CPU Bottleneck
BUILD_0682,AMD Ryzen 5 5600X,AMD Radeon RX 7900 XTX,ASUS Prime Z490-A,32GB DDR4,1440p,No (Socket Mismatch),51%,GPU Bottleneck
BUILD_0683,AMD Ryzen 5 5600X,AMD Radeon RX 7900 XTX,Gigabyte B550 AORUS Elite,16GB DDR4,1080p,Yes,49%,CPU Bottleneck
BUILD_0684,AMD Ryzen 5 5600X,AMD Radeon RX 7900 XTX,ASRock B760M,32GB DDR4,1440p,No (Socket Mismatch),51%,GPU Bottleneck
BUILD_0685,AMD Ryzen 5 5600X,AMD Radeon RX 7900 XTX,ASUS ROG Strix Z790,16GB DDR4,4K,No (Socket Mismatch),53%,GPU Bottleneck
BUILD_0686,AMD Ryzen 5 5600X,NVIDIA RTX 4070 Ti,MSI MAG B650 Tomahawk,32GB DDR4,1440p,No (Socket Mismatch),26%,CPU Bottleneck
BUILD_0687,AMD Ryzen 5 5600X,NVIDIA RTX 4070 Ti,ASUS Prime Z490-A,16GB DDR4,1080p,No (Socket Mismatch),29%,CPU Bottleneck
BUILD_0688,AMD Ryzen 5 5600X,NVIDIA RTX 4070 Ti,Gigabyte B550 AORUS Elite,32GB DDR4,1440p,Yes,26%,CPU Bottleneck
BUILD_0689,AMD Ryzen 5 5600X,NVIDIA RTX 4070 Ti,ASRock B760M,16GB DDR4,1080p,No (Socket Mismatch),29%,CPU Bottleneck
BUILD_0690,AMD Ryzen 5 5600X,NVIDIA RTX 4070 Ti,ASUS ROG Strix Z790,32GB DDR4,4K,No (Socket Mismatch),22%,GPU Bottleneck
BUILD_0691,AMD Ryzen 5 5600X,AMD Radeon RX 7700 XT,MSI MAG B650 Tomahawk,16GB DDR4,1080p,No (Socket Mismatch),21%,CPU Bottleneck
BUILD_0692,AMD Ryzen 5 5600X,AMD Radeon RX 7700 XT,ASUS Prime Z490-A,32GB DDR4,1440p,No (Socket Mismatch),23%,CPU Bottleneck
BUILD_0693,AMD Ryzen 5 5600X,AMD Radeon RX 7700 XT,Gigabyte B550 AORUS Elite,16GB DDR4,4K,Yes,24%,GPU Bottleneck
BUILD_0694,AMD Ryzen 5 5600X,AMD Radeon RX 7700 XT,ASRock B760M,32GB DDR4,1080p,No (Socket Mismatch),21%,CPU Bottleneck
BUILD_0695,AMD Ryzen 5 5600X,AMD Radeon RX 7700 XT,ASUS ROG Strix Z790,16GB DDR4,1440p,No (Socket Mismatch),23%,CPU Bottleneck
BUILD_0696,AMD Ryzen 5 5600X,NVIDIA RTX 3060,MSI MAG B650 Tomahawk,32GB DDR4,4K,No (Socket Mismatch),14%,GPU Bottleneck
BUILD_0697,AMD Ryzen 5 5600X,NVIDIA RTX 3060,ASUS Prime Z490-A,16GB DDR4,1080p,No (Socket Mismatch),11%,General / Low
BUILD_0698,AMD Ryzen 5 5600X,NVIDIA RTX 3060,Gigabyte B550 AORUS Elite,32GB DDR4,1440p,Yes,12%,General / Low
BUILD_0699,AMD Ryzen 5 5600X,NVIDIA RTX 3060,ASRock B760M,64GB DDR4,4K,No (Socket Mismatch),14%,GPU Bottleneck
BUILD_0700,AMD Ryzen 5 5600X,NVIDIA RTX 3060,ASUS ROG Strix Z790,16GB DDR4,1080p,No (Socket Mismatch),11%,General / Low
BUILD_0701,AMD Ryzen 5 5600X,AMD Radeon RX 6600,MSI MAG B650 Tomahawk,32GB DDR4,1440p,No (Socket Mismatch),13%,General / Low
BUILD_0702,AMD Ryzen 5 5600X,AMD Radeon RX 6600,ASUS Prime Z490-A,16GB DDR4,1080p,No (Socket Mismatch),14%,General / Low
BUILD_0703,AMD Ryzen 5 5600X,AMD Radeon RX 6600,Gigabyte B550 AORUS Elite,32GB DDR4,1440p,Yes,13%,General / Low
BUILD_0704,AMD Ryzen 5 5600X,AMD Radeon RX 6600,ASRock B760M,32GB DDR4,1080p,No (Socket Mismatch),14%,General / Low
BUILD_0705,AMD Ryzen 5 5600X,AMD Radeon RX 6600,ASUS ROG Strix Z790,16GB DDR4,4K,No (Socket Mismatch),15%,GPU Bottleneck
BUILD_0706,AMD Ryzen 5 5600X,NVIDIA GTX 1660 Super,MSI MAG B650 Tomahawk,32GB DDR4,1080p,No (Socket Mismatch),6%,General / Low
BUILD_0707,AMD Ryzen 5 5600X,NVIDIA GTX 1660 Super,ASUS Prime Z490-A,16GB DDR4,1440p,No (Socket Mismatch),7%,General / Low
BUILD_0708,AMD Ryzen 5 5600X,NVIDIA GTX 1660 Super,Gigabyte B550 AORUS Elite,32GB DDR4,4K,Yes,9%,General / Low
BUILD_0709,AMD Ryzen 5 5600X,NVIDIA GTX 1660 Super,ASRock B760M,16GB DDR4,1080p,No (Socket Mismatch),6%,General / Low
BUILD_0710,AMD Ryzen 5 5600X,NVIDIA GTX 1660 Super,ASUS ROG Strix Z790,32GB DDR4,1440p,No (Socket Mismatch),7%,General / Low
BUILD_0711,Intel Core i7-10700K,NVIDIA RTX 4090,MSI MAG B650 Tomahawk,16GB DDR4,4K,No (Socket Mismatch),41%,GPU Bottleneck
BUILD_0712,Intel Core i7-10700K,NVIDIA RTX 4090,ASUS Prime Z490-A,32GB DDR4,1080p,Yes,49%,CPU Bottleneck
BUILD_0713,Intel Core i7-10700K,NVIDIA RTX 4090,Gigabyte B550 AORUS Elite,16GB DDR4,1440p,No (Socket Mismatch),46%,CPU Bottleneck
BUILD_0714,Intel Core i7-10700K,NVIDIA RTX 4090,ASRock B760M,32GB DDR4,1080p,No (Socket Mismatch),49%,CPU Bottleneck
BUILD_0715,Intel Core i7-10700K,NVIDIA RTX 4090,ASUS ROG Strix Z790,64GB DDR4,4K,No (Socket Mismatch),41%,GPU Bottleneck
BUILD_0716,Intel Core i7-10700K,AMD Radeon RX 7900 XTX,MSI MAG B650 Tomahawk,16GB DDR4,1080p,No (Socket Mismatch),40%,CPU Bottleneck
BUILD_0717,Intel Core i7-10700K,AMD Radeon RX 7900 XTX,ASUS Prime Z490-A,32GB DDR4,1440p,Yes,42%,GPU Bottleneck
BUILD_0718,Intel Core i7-10700K,AMD Radeon RX 7900 XTX,Gigabyte B550 AORUS Elite,16GB DDR4,1080p,No (Socket Mismatch),40%,CPU Bottleneck
BUILD_0719,Intel Core i7-10700K,AMD Radeon RX 7900 XTX,ASRock B760M,32GB DDR4,1440p,No (Socket Mismatch),42%,GPU Bottleneck
BUILD_0720,Intel Core i7-10700K,AMD Radeon RX 7900 XTX,ASUS ROG Strix Z790,16GB DDR4,4K,No (Socket Mismatch),44%,GPU Bottleneck
BUILD_0721,Intel Core i7-10700K,NVIDIA RTX 4070 Ti,MSI MAG B650 Tomahawk,32GB DDR4,1440p,No (Socket Mismatch),21%,CPU Bottleneck
BUILD_0722,Intel Core i7-10700K,NVIDIA RTX 4070 Ti,ASUS Prime Z490-A,16GB DDR4,1080p,Yes,23%,CPU Bottleneck
BUILD_0723,Intel Core i7-10700K,NVIDIA RTX 4070 Ti,Gigabyte B550 AORUS Elite,32GB DDR4,1440p,No (Socket Mismatch),21%,CPU Bottleneck
BUILD_0724,Intel Core i7-10700K,NVIDIA RTX 4070 Ti,ASRock B760M,16GB DDR4,1080p,No (Socket Mismatch),23%,CPU Bottleneck
BUILD_0725,Intel Core i7-10700K,NVIDIA RTX 4070 Ti,ASUS ROG Strix Z790,32GB DDR4,4K,No (Socket Mismatch),16%,GPU Bottleneck
BUILD_0726,Intel Core i7-10700K,AMD Radeon RX 7700 XT,MSI MAG B650 Tomahawk,16GB DDR4,1080p,No (Socket Mismatch),14%,General / Low
BUILD_0727,Intel Core i7-10700K,AMD Radeon RX 7700 XT,ASUS Prime Z490-A,32GB DDR4,1440p,Yes,15%,General / Low
BUILD_0728,Intel Core i7-10700K,AMD Radeon RX 7700 XT,Gigabyte B550 AORUS Elite,16GB DDR4,4K,No (Socket Mismatch),16%,General / Low
BUILD_0729,Intel Core i7-10700K,AMD Radeon RX 7700 XT,ASRock B760M,32GB DDR4,1080p,No (Socket Mismatch),14%,General / Low
BUILD_0730,Intel Core i7-10700K,AMD Radeon RX 7700 XT,ASUS ROG Strix Z790,16GB DDR4,1440p,No (Socket Mismatch),15%,General / Low
BUILD_0731,Intel Core i7-10700K,NVIDIA RTX 3060,MSI MAG B650 Tomahawk,32GB DDR4,4K,No (Socket Mismatch),10%,General / Low
BUILD_0732,Intel Core i7-10700K,NVIDIA RTX 3060,ASUS Prime Z490-A,16GB DDR4,1080p,Yes,8%,General / Low
BUILD_0733,Intel Core i7-10700K,NVIDIA RTX 3060,Gigabyte B550 AORUS Elite,32GB DDR4,1440p,No (Socket Mismatch),9%,General / Low
BUILD_0734,Intel Core i7-10700K,NVIDIA RTX 3060,ASRock B760M,64GB DDR4,4K,No (Socket Mismatch),10%,General / Low
BUILD_0735,Intel Core i7-10700K,NVIDIA RTX 3060,ASUS ROG Strix Z790,16GB DDR4,1080p,No (Socket Mismatch),8%,General / Low
BUILD_0736,Intel Core i7-10700K,AMD Radeon RX 6600,MSI MAG B650 Tomahawk,32GB DDR4,1440p,No (Socket Mismatch),11%,General / Low
BUILD_0737,Intel Core i7-10700K,AMD Radeon RX 6600,ASUS Prime Z490-A,16GB DDR4,1080p,Yes,9%,General / Low
BUILD_0738,Intel Core i7-10700K,AMD Radeon RX 6600,Gigabyte B550 AORUS Elite,32GB DDR4,1440p,No (Socket Mismatch),10%,General / Low
BUILD_0739,Intel Core i7-10700K,AMD Radeon RX 6600,ASRock B760M,32GB DDR4,1080p,No (Socket Mismatch),9%,General / Low
BUILD_0740,Intel Core i7-10700K,AMD Radeon RX 6600,ASUS ROG Strix Z790,16GB DDR4,4K,No (Socket Mismatch),11%,General / Low
BUILD_0741,Intel Core i7-10700K,NVIDIA GTX 1660 Super,MSI MAG B650 Tomahawk,32GB DDR4,1080p,No (Socket Mismatch),6%,General / Low
BUILD_0742,Intel Core i7-10700K,NVIDIA GTX 1660 Super,ASUS Prime Z490-A,16GB DDR4,1440p,Yes,7%,General / Low
BUILD_0743,Intel Core i7-10700K,NVIDIA GTX 1660 Super,Gigabyte B550 AORUS Elite,32GB DDR4,4K,No (Socket Mismatch),8%,General / Low
BUILD_0744,Intel Core i7-10700K,NVIDIA GTX 1660 Super,ASRock B760M,16GB DDR4,1080p,No (Socket Mismatch),6%,General / Low
BUILD_0745,Intel Core i7-10700K,NVIDIA GTX 1660 Super,ASUS ROG Strix Z790,32GB DDR4,1440p,No (Socket Mismatch),7%,General / Low
BUILD_0746,AMD Ryzen 7 3700X,NVIDIA RTX 4090,MSI MAG B650 Tomahawk,16GB DDR4,4K,No (Socket Mismatch),43%,GPU Bottleneck
BUILD_0747,AMD Ryzen 7 3700X,NVIDIA RTX 4090,ASUS Prime Z490-A,32GB DDR4,1080p,No (Socket Mismatch),51%,CPU Bottleneck
BUILD_0748,AMD Ryzen 7 3700X,NVIDIA RTX 4090,Gigabyte B550 AORUS Elite,16GB DDR4,1440p,Yes,48%,CPU Bottleneck
BUILD_0749,AMD Ryzen 7 3700X,NVIDIA RTX 4090,ASRock B760M,32GB DDR4,1080p,No (Socket Mismatch),51%,CPU Bottleneck
BUILD_0750,AMD Ryzen 7 3700X,NVIDIA RTX 4090,ASUS ROG Strix Z790,64GB DDR4,4K,No (Socket Mismatch),43%,GPU Bottleneck
BUILD_0751,AMD Ryzen 7 3700X,AMD Radeon RX 7900 XTX,MSI MAG B650 Tomahawk,16GB DDR4,1080p,No (Socket Mismatch),42%,CPU Bottleneck
BUILD_0752,AMD Ryzen 7 3700X,AMD Radeon RX 7900 XTX,ASUS Prime Z490-A,32GB DDR4,1440p,No (Socket Mismatch),44%,GPU Bottleneck
BUILD_0753,AMD Ryzen 7 3700X,AMD Radeon RX 7900 XTX,Gigabyte B550 AORUS Elite,16GB DDR4,1080p,Yes,42%,CPU Bottleneck
BUILD_0754,AMD Ryzen 7 3700X,AMD Radeon RX 7900 XTX,ASRock B760M,32GB DDR4,1440p,No (Socket Mismatch),44%,GPU Bottleneck
BUILD_0755,AMD Ryzen 7 3700X,AMD Radeon RX 7900 XTX,ASUS ROG Strix Z790,16GB DDR4,4K,No (Socket Mismatch),46%,GPU Bottleneck
BUILD_0756,AMD Ryzen 7 3700X,NVIDIA RTX 4070 Ti,MSI MAG B650 Tomahawk,32GB DDR4,1440p,No (Socket Mismatch),23%,CPU Bottleneck
BUILD_0757,AMD Ryzen 7 3700X,NVIDIA RTX 4070 Ti,ASUS Prime Z490-A,16GB DDR4,1080p,No (Socket Mismatch),26%,CPU Bottleneck
BUILD_0758,AMD Ryzen 7 3700X,NVIDIA RTX 4070 Ti,Gigabyte B550 AORUS Elite,32GB DDR4,1440p,Yes,23%,CPU Bottleneck
BUILD_0759,AMD Ryzen 7 3700X,NVIDIA RTX 4070 Ti,ASRock B760M,16GB DDR4,1080p,No (Socket Mismatch),26%,CPU Bottleneck
BUILD_0750,AMD Ryzen 7 3700X,NVIDIA RTX 4070 Ti,ASUS ROG Strix Z790,32GB DDR4,4K,No (Socket Mismatch),18%,GPU Bottleneck
BUILD_0761,AMD Ryzen 7 3700X,AMD Radeon RX 7700 XT,MSI MAG B650 Tomahawk,16GB DDR4,1080p,No (Socket Mismatch),14%,General / Low
BUILD_0762,AMD Ryzen 7 3700X,AMD Radeon RX 7700 XT,ASUS Prime Z490-A,32GB DDR4,1440p,No (Socket Mismatch),15%,General / Low
BUILD_0763,AMD Ryzen 7 3700X,AMD Radeon RX 7700 XT,Gigabyte B550 AORUS Elite,16GB DDR4,4K,Yes,16%,General / Low
BUILD_0764,AMD Ryzen 7 3700X,AMD Radeon RX 7700 XT,ASRock B760M,32GB DDR4,1080p,No (Socket Mismatch),14%,General / Low
BUILD_0765,AMD Ryzen 7 3700X,AMD Radeon RX 7700 XT,ASUS ROG Strix Z790,16GB DDR4,1440p,No (Socket Mismatch),15%,General / Low
BUILD_0766,AMD Ryzen 7 3700X,NVIDIA RTX 3060,MSI MAG B650 Tomahawk,32GB DDR4,4K,No (Socket Mismatch),10%,General / Low
BUILD_0767,AMD Ryzen 7 3700X,NVIDIA RTX 3060,ASUS Prime Z490-A,16GB DDR4,1080p,No (Socket Mismatch),8%,General / Low
BUILD_0768,AMD Ryzen 7 3700X,NVIDIA RTX 3060,Gigabyte B550 AORUS Elite,32GB DDR4,1440p,Yes,9%,General / Low
BUILD_0769,AMD Ryzen 7 3700X,NVIDIA RTX 3060,ASRock B760M,64GB DDR4,4K,No (Socket Mismatch),10%,General / Low
BUILD_0770,AMD Ryzen 7 3700X,NVIDIA RTX 3060,ASUS ROG Strix Z790,16GB DDR4,1080p,No (Socket Mismatch),8%,General / Low
BUILD_0771,AMD Ryzen 7 3700X,AMD Radeon RX 6600,MSI MAG B650 Tomahawk,32GB DDR4,1440p,No (Socket Mismatch),11%,General / Low
BUILD_0772,AMD Ryzen 7 3700X,AMD Radeon RX 6600,ASUS Prime Z490-A,16GB DDR4,1080p,No (Socket Mismatch),9%,General / Low
BUILD_0773,AMD Ryzen 7 3700X,AMD Radeon RX 6600,Gigabyte B550 AORUS Elite,32GB DDR4,1440p,Yes,10%,General / Low
BUILD_0774,AMD Ryzen 7 3700X,AMD Radeon RX 6600,ASRock B760M,32GB DDR4,1080p,No (Socket Mismatch),9%,General / Low
BUILD_0775,AMD Ryzen 7 3700X,AMD Radeon RX 6600,ASUS ROG Strix Z790,16GB DDR4,4K,No (Socket Mismatch),11%,General / Low
BUILD_0776,AMD Ryzen 7 3700X,NVIDIA GTX 1660 Super,MSI MAG B650 Tomahawk,32GB DDR4,1080p,No (Socket Mismatch),6%,General / Low
BUILD_0777,AMD Ryzen 7 3700X,NVIDIA GTX 1660 Super,ASUS Prime Z490-A,16GB DDR4,1440p,No (Socket Mismatch),7%,General / Low
BUILD_0778,AMD Ryzen 7 3700X,NVIDIA GTX 1660 Super,Gigabyte B550 AORUS Elite,32GB DDR4,4K,Yes,8%,General / Low
BUILD_0779,AMD Ryzen 7 3700X,NVIDIA GTX 1660 Super,ASRock B760M,16GB DDR4,1080p,No (Socket Mismatch),6%,General / Low
BUILD_0780,AMD Ryzen 7 3700X,NVIDIA GTX 1660 Super,ASUS ROG Strix Z790,32GB DDR4,1440p,No (Socket Mismatch),7%,General / Low
BUILD_0781,Intel Core i9-14900K,NVIDIA RTX 4090,MSI MAG B650 Tomahawk,32GB DDR5,4K,No (Socket Mismatch),5%,General / Low
BUILD_0782,Intel Core i9-14900K,NVIDIA RTX 4090,ASUS Prime Z490-A,16GB DDR5,1440p,No (Socket Mismatch),16%,CPU Bottleneck
BUILD_0783,Intel Core i9-14900K,NVIDIA RTX 4090,Gigabyte B550 AORUS Elite,32GB DDR5,1080p,No (Socket Mismatch),12%,CPU Bottleneck
BUILD_0784,Intel Core i9-14900K,NVIDIA RTX 4090,ASRock B760M,16GB DDR5,1440p,Yes,5%,General / Low
BUILD_0785,Intel Core i9-14900K,NVIDIA RTX 4090,ASUS ROG Strix Z790,8GB DDR5,1080p,Yes,5%,General / Low
BUILD_0786,Intel Core i9-14900K,AMD Radeon RX 7900 XTX,MSI MAG B650 Tomahawk,16GB DDR5,1080p,No (Socket Mismatch),12%,General / Low
BUILD_0787,Intel Core i9-14900K,AMD Radeon RX 7900 XTX,ASUS Prime Z490-A,32GB DDR5,4K,No (Socket Mismatch),4%,General / Low
BUILD_0788,Intel Core i9-14900K,AMD Radeon RX 7900 XTX,Gigabyte B550 AORUS Elite,16GB DDR5,1440p,No (Socket Mismatch),6%,General / Low
BUILD_0789,Intel Core i9-14900K,AMD Radeon RX 7900 XTX,ASRock B760M,32GB DDR5,1080p,Yes,4%,General / Low
BUILD_0790,Intel Core i9-14900K,AMD Radeon RX 7900 XTX,ASUS ROG Strix Z790,64GB DDR5,4K,Yes,4%,General / Low
BUILD_0791,Intel Core i9-14900K,NVIDIA RTX 4070 Ti,MSI MAG B650 Tomahawk,16GB DDR5,1440p,No (Socket Mismatch),14%,CPU Bottleneck
BUILD_0792,Intel Core i9-14900K,NVIDIA RTX 4070 Ti,ASUS Prime Z490-A,32GB DDR5,1080p,No (Socket Mismatch),15%,CPU Bottleneck
BUILD_0793,Intel Core i9-14900K,NVIDIA RTX 4070 Ti,Gigabyte B550 AORUS Elite,16GB DDR5,1440p,No (Socket Mismatch),14%,CPU Bottleneck
BUILD_0794,Intel Core i9-14900K,NVIDIA RTX 4070 Ti,ASRock B760M,32GB DDR5,1080p,Yes,14%,CPU Bottleneck
BUILD_0795,Intel Core i9-14900K,NVIDIA RTX 4070 Ti,ASUS ROG Strix Z790,32GB DDR5,4K,Yes,8%,General / Low
BUILD_0796,Intel Core i9-14900K,AMD Radeon RX 7700 XT,MSI MAG B650 Tomahawk,16GB DDR5,1080p,No (Socket Mismatch),24%,GPU Bottleneck
BUILD_0797,Intel Core i9-14900K,AMD Radeon RX 7700 XT,ASUS Prime Z490-A,32GB DDR5,1440p,No (Socket Mismatch),25%,GPU Bottleneck
BUILD_0798,Intel Core i9-14900K,AMD Radeon RX 7700 XT,Gigabyte B550 AORUS Elite,16GB DDR5,4K,No (Socket Mismatch),26%,GPU Bottleneck
BUILD_0799,Intel Core i9-14900K,AMD Radeon RX 7700 XT,ASRock B760M,32GB DDR5,1080p,Yes,24%,GPU Bottleneck
BUILD_0800,Intel Core i9-14900K,AMD Radeon RX 7700 XT,ASUS ROG Strix Z790,16GB DDR5,1440p,Yes,25%,GPU Bottleneck
BUILD_0801,Intel Core i9-14900K,NVIDIA RTX 4090,ASUS ROG Strix Z790,32GB DDR5,4K,Yes,4%,General / Low
BUILD_0802,Intel Core i9-14900K,NVIDIA RTX 4090,MSI MAG B650 Tomahawk,32GB DDR5,4K,No (Socket Mismatch),4%,General / Low
BUILD_0803,Intel Core i3-12100F,NVIDIA RTX 4090,ASRock B760M,16GB DDR4,1080p,Yes,57%,CPU Bottleneck
BUILD_0804,Intel Core i3-12100F,NVIDIA RTX 4090,MSI MAG B650 Tomahawk,16GB DDR4,1080p,No (Socket Mismatch),57%,CPU Bottleneck
BUILD_0805,AMD Ryzen 5 5600X,AMD Radeon RX 7700 XT,Gigabyte B550 AORUS Elite,16GB DDR4,1440p,Yes,11%,General / Low
BUILD_0806,AMD Ryzen 5 5600X,AMD Radeon RX 7700 XT,ASUS Prime Z490-A,16GB DDR4,1440p,No (Socket Mismatch),11%,General / Low
BUILD_0807,Intel Core i9-14900K,NVIDIA GTX 1660 Super,ASRock B760M,64GB DDR5,4K,Yes,63%,GPU Bottleneck
BUILD_0808,Intel Core i9-14900K,NVIDIA GTX 1660 Super,Gigabyte B550 AORUS Elite,64GB DDR5,4K,No (Socket Mismatch),63%,GPU Bottleneck
BUILD_0809,AMD Ryzen 5 7600X,NVIDIA RTX 4070 Ti,MSI MAG B650 Tomahawk,16GB DDR5,1440p,Yes,9%,General / Low
BUILD_0810,AMD Ryzen 5 7600X,NVIDIA RTX 4070 Ti,ASRock B760M,16GB DDR5,1440p,No (Socket Mismatch),9%,General / Low
BUILD_0811,Intel Core i7-10700K,AMD Radeon RX 6600,ASUS Prime Z490-A,16GB DDR4,1080p,Yes,10%,General / Low
BUILD_0812,Intel Core i7-10700K,AMD Radeon RX 6600,Gigabyte B550 AORUS Elite,16GB DDR4,1080p,No (Socket Mismatch),10%,General / Low
BUILD_0813,AMD Ryzen 7 3700X,NVIDIA RTX 3060,Gigabyte B550 AORUS Elite,32GB DDR4,1440p,Yes,8%,General / Low
BUILD_0814,AMD Ryzen 7 3700X,NVIDIA RTX 3060,ASUS Prime Z490-A,32GB DDR4,1440p,No (Socket Mismatch),8%,General / Low
BUILD_0815,Intel Core i5-13600K,AMD Radeon RX 7900 XTX,ASUS ROG Strix Z790,32GB DDR5,1440p,Yes,18%,CPU Bottleneck
BUILD_0816,Intel Core i5-13600K,AMD Radeon RX 7900 XTX,MSI MAG B650 Tomahawk,32GB DDR5,1440p,No (Socket Mismatch),18%,CPU Bottleneck
BUILD_0817,AMD Ryzen 7 7800X3D,NVIDIA GTX 1660 Super,MSI MAG B650 Tomahawk,16GB DDR5,4K,Yes,58%,GPU Bottleneck
BUILD_0818,AMD Ryzen 7 7800X3D,NVIDIA GTX 1660 Super,ASRock B760M,16GB DDR5,4K,No (Socket Mismatch),58%,GPU Bottleneck
BUILD_0819,Intel Core i3-12100F,AMD Radeon RX 7700 XT,ASRock B760M,8GB DDR4,1080p,Yes,27%,CPU Bottleneck
BUILD_0820,Intel Core i3-12100F,AMD Radeon RX 7700 XT,Gigabyte B550 AORUS Elite,8GB DDR4,1080p,No (Socket Mismatch),27%,CPU Bottleneck
BUILD_0821,AMD Ryzen 5 5600X,NVIDIA RTX 4090,Gigabyte B550 AORUS Elite,32GB DDR4,1080p,Yes,49%,CPU Bottleneck
BUILD_0822,AMD Ryzen 5 5600X,NVIDIA RTX 4090,ASRock B760M,32GB DDR4,1080p,No (Socket Mismatch),49%,CPU Bottleneck
BUILD_0823,Intel Core i9-14900K,NVIDIA RTX 4070 Ti,ASUS ROG Strix Z790,32GB DDR5,1440p,Yes,14%,CPU Bottleneck
BUILD_0824,Intel Core i9-14900K,NVIDIA RTX 4070 Ti,MSI MAG B650 Tomahawk,32GB DDR5,1440p,No (Socket Mismatch),14%,CPU Bottleneck
BUILD_0825,AMD Ryzen 5 7600X,AMD Radeon RX 6600,MSI MAG B650 Tomahawk,16GB DDR5,1080p,Yes,21%,CPU Bottleneck
BUILD_0826,AMD Ryzen 5 7600X,AMD Radeon RX 6600,ASUS Prime Z490-A,16GB DDR5,1080p,No (Socket Mismatch),21%,CPU Bottleneck
BUILD_0827,Intel Core i7-10700K,NVIDIA RTX 3060,ASUS Prime Z490-A,16GB DDR4,1440p,Yes,10%,General / Low
BUILD_0828,Intel Core i7-10700K,NVIDIA RTX 3060,Gigabyte B550 AORUS Elite,16GB DDR4,1440p,No (Socket Mismatch),10%,General / Low
BUILD_0829,AMD Ryzen 7 3700X,AMD Radeon RX 7900 XTX,Gigabyte B550 AORUS Elite,32GB DDR4,4K,Yes,44%,GPU Bottleneck
BUILD_0830,AMD Ryzen 7 3700X,AMD Radeon RX 7900 XTX,ASRock B760M,32GB DDR4,4K,No (Socket Mismatch),44%,GPU Bottleneck
BUILD_0831,Intel Core i5-13600K,NVIDIA GTX 1660 Super,ASRock B760M,16GB DDR4,1080p,Yes,29%,GPU Bottleneck
BUILD_0832,Intel Core i5-13600K,NVIDIA GTX 1660 Super,MSI MAG B650 Tomahawk,16GB DDR4,1080p,No (Socket Mismatch),29%,GPU Bottleneck
BUILD_0833,AMD Ryzen 7 7800X3D,AMD Radeon RX 7700 XT,MSI MAG B650 Tomahawk,32GB DDR5,1440p,Yes,19%,CPU Bottleneck
BUILD_0834,AMD Ryzen 7 7800X3D,AMD Radeon RX 7700 XT,ASUS ROG Strix Z790,32GB DDR5,1440p,No (Socket Mismatch),19%,CPU Bottleneck
BUILD_0835,Intel Core i3-12100F,NVIDIA RTX 4070 Ti,ASUS ROG Strix Z790,8GB DDR4,1080p,Yes,31%,CPU Bottleneck
BUILD_0836,Intel Core i3-12100F,NVIDIA RTX 4070 Ti,MSI MAG B650 Tomahawk,8GB DDR4,1080p,No (Socket Mismatch),31%,CPU Bottleneck
BUILD_0837,AMD Ryzen 5 5600X,AMD Radeon RX 6600,Gigabyte B550 AORUS Elite,16GB DDR4,1080p,Yes,6%,General / Low
BUILD_0838,AMD Ryzen 5 5600X,AMD Radeon RX 6600,ASRock B760M,16GB DDR4,1080p,No (Socket Mismatch),6%,General / Low
BUILD_0839,Intel Core i9-14900K,NVIDIA RTX 3060,ASRock B760M,64GB DDR5,1440p,Yes,26%,GPU Bottleneck
BUILD_0840,Intel Core i9-14900K,NVIDIA RTX 3060,Gigabyte B550 AORUS Elite,64GB DDR5,1440p,No (Socket Mismatch),26%,GPU Bottleneck
BUILD_0841,AMD Ryzen 5 7600X,AMD Radeon RX 7900 XTX,MSI MAG B650 Tomahawk,32GB DDR5,4K,Yes,22%,GPU Bottleneck
BUILD_0842,AMD Ryzen 5 7600X,AMD Radeon RX 7900 XTX,ASUS ROG Strix Z790,32GB DDR5,4K,No (Socket Mismatch),22%,GPU Bottleneck
BUILD_0843,Intel Core i7-10700K,NVIDIA GTX 1660 Super,ASUS Prime Z490-A,16GB DDR4,1080p,Yes,7%,General / Low
BUILD_0844,Intel Core i7-10700K,NVIDIA GTX 1660 Super,Gigabyte B550 AORUS Elite,16GB DDR4,1080p,No (Socket Mismatch),7%,General / Low
BUILD_0845,AMD Ryzen 7 3700X,NVIDIA RTX 4090,Gigabyte B550 AORUS Elite,32GB DDR4,1080p,Yes,52%,CPU Bottleneck
BUILD_0846,AMD Ryzen 7 3700X,NVIDIA RTX 4090,ASRock B760M,32GB DDR4,1080p,No (Socket Mismatch),52%,CPU Bottleneck
BUILD_0847,Intel Core i5-13600K,AMD Radeon RX 7700 XT,ASRock B760M,16GB DDR5,1440p,Yes,5%,General / Low
BUILD_0848,Intel Core i5-13600K,AMD Radeon RX 7700 XT,MSI MAG B650 Tomahawk,16GB DDR5,1440p,No (Socket Mismatch),5%,General / Low
BUILD_0849,AMD Ryzen 7 7800X3D,NVIDIA RTX 4070 Ti,MSI MAG B650 Tomahawk,32GB DDR5,1440p,Yes,16%,CPU Bottleneck
BUILD_0850,AMD Ryzen 7 7800X3D,NVIDIA RTX 4070 Ti,ASUS ROG Strix Z790,32GB DDR5,1440p,No (Socket Mismatch),16%,CPU Bottleneck
BUILD_0851,Intel Core i3-12100F,AMD Radeon RX 6600,ASUS ROG Strix Z790,16GB DDR4,1080p,Yes,11%,General / Low
BUILD_0852,Intel Core i3-12100F,AMD Radeon RX 6600,MSI MAG B650 Tomahawk,16GB DDR4,1080p,No (Socket Mismatch),11%,General / Low
BUILD_0853,AMD Ryzen 5 5600X,NVIDIA RTX 3060,Gigabyte B550 AORUS Elite,16GB DDR4,1440p,Yes,10%,General / Low
BUILD_0854,AMD Ryzen 5 5600X,NVIDIA RTX 3060,ASUS Prime Z490-A,16GB DDR4,1440p,No (Socket Mismatch),10%,General / Low
BUILD_0855,Intel Core i9-14900K,AMD Radeon RX 7900 XTX,ASRock B760M,32GB DDR5,4K,Yes,4%,General / Low
BUILD_0856,Intel Core i9-14900K,AMD Radeon RX 7900 XTX,Gigabyte B550 AORUS Elite,32GB DDR5,4K,No (Socket Mismatch),4%,General / Low
BUILD_0857,AMD Ryzen 5 7600X,NVIDIA GTX 1660 Super,MSI MAG B650 Tomahawk,16GB DDR5,1080p,Yes,24%,GPU Bottleneck
BUILD_0858,AMD Ryzen 5 7600X,NVIDIA GTX 1660 Super,ASRock B760M,16GB DDR5,1080p,No (Socket Mismatch),24%,GPU Bottleneck
BUILD_0859,Intel Core i7-10700K,NVIDIA RTX 4090,ASUS Prime Z490-A,32GB DDR4,1080p,Yes,47%,CPU Bottleneck
BUILD_0860,Intel Core i7-10700K,NVIDIA RTX 4090,Gigabyte B550 AORUS Elite,32GB DDR4,1080p,No (Socket Mismatch),47%,CPU Bottleneck
BUILD_0861,AMD Ryzen 7 3700X,AMD Radeon RX 7700 XT,Gigabyte B550 AORUS Elite,16GB DDR4,1440p,Yes,18%,CPU Bottleneck
BUILD_0862,AMD Ryzen 7 3700X,AMD Radeon RX 7700 XT,ASRock B760M,16GB DDR4,1440p,No (Socket Mismatch),18%,CPU Bottleneck
BUILD_0863,Intel Core i5-13600K,NVIDIA RTX 4070 Ti,ASRock B760M,32GB DDR5,1440p,Yes,7%,General / Low
BUILD_0864,Intel Core i5-13600K,NVIDIA RTX 4070 Ti,MSI MAG B650 Tomahawk,32GB DDR5,1440p,No (Socket Mismatch),7%,General / Low
BUILD_0865,AMD Ryzen 7 7800X3D,AMD Radeon RX 6600,MSI MAG B650 Tomahawk,32GB DDR5,1080p,Yes,28%,CPU Bottleneck
BUILD_0866,AMD Ryzen 7 7800X3D,AMD Radeon RX 6600,ASUS ROG Strix Z790,32GB DDR5,1080p,No (Socket Mismatch),28%,CPU Bottleneck
BUILD_0867,Intel Core i3-12100F,NVIDIA RTX 3060,ASUS ROG Strix Z790,16GB DDR4,1440p,Yes,15%,GPU Bottleneck
BUILD_0868,Intel Core i3-12100F,NVIDIA RTX 3060,MSI MAG B650 Tomahawk,16GB DDR4,1440p,No (Socket Mismatch),15%,GPU Bottleneck
BUILD_0869,AMD Ryzen 5 5600X,AMD Radeon RX 7900 XTX,Gigabyte B550 AORUS Elite,32GB DDR4,4K,Yes,41%,GPU Bottleneck
BUILD_0870,AMD Ryzen 5 5600X,AMD Radeon RX 7900 XTX,ASRock B760M,32GB DDR4,4K,No (Socket Mismatch),41%,GPU Bottleneck
BUILD_0871,Intel Core i9-14900K,NVIDIA GTX 1660 Super,ASRock B760M,32GB DDR5,1080p,Yes,33%,GPU Bottleneck
BUILD_0872,Intel Core i9-14900K,NVIDIA GTX 1660 Super,Gigabyte B550 AORUS Elite,32GB DDR5,1080p,No (Socket Mismatch),33%,GPU Bottleneck
BUILD_0873,AMD Ryzen 5 7600X,NVIDIA RTX 4090,MSI MAG B650 Tomahawk,32GB DDR5,1080p,Yes,29%,CPU Bottleneck
BUILD_0874,AMD Ryzen 5 7600X,NVIDIA RTX 4090,ASRock B760M,32GB DDR5,1080p,No (Socket Mismatch),29%,CPU Bottleneck
BUILD_0875,Intel Core i7-10700K,AMD Radeon RX 7700 XT,ASUS Prime Z490-A,16GB DDR4,1440p,Yes,14%,CPU Bottleneck
BUILD_0876,Intel Core i7-10700K,AMD Radeon RX 7700 XT,Gigabyte B550 AORUS Elite,16GB DDR4,1440p,No (Socket Mismatch),14%,CPU Bottleneck
BUILD_0877,AMD Ryzen 7 3700X,NVIDIA RTX 4070 Ti,Gigabyte B550 AORUS Elite,32GB DDR4,1440p,Yes,25%,CPU Bottleneck
BUILD_0878,AMD Ryzen 7 3700X,NVIDIA RTX 4070 Ti,ASUS Prime Z490-A,32GB DDR4,1440p,No (Socket Mismatch),25%,CPU Bottleneck
BUILD_0879,Intel Core i5-13600K,AMD Radeon RX 6600,ASRock B760M,16GB DDR5,1080p,Yes,19%,CPU Bottleneck
BUILD_0880,Intel Core i5-13600K,AMD Radeon RX 6600,MSI MAG B650 Tomahawk,16GB DDR5,1080p,No (Socket Mismatch),19%,CPU Bottleneck
BUILD_0881,AMD Ryzen 7 7800X3D,NVIDIA RTX 3060,MSI MAG B650 Tomahawk,32GB DDR5,1440p,Yes,22%,GPU Bottleneck
BUILD_0882,AMD Ryzen 7 7800X3D,NVIDIA RTX 3060,ASRock B760M,32GB DDR5,1440p,No (Socket Mismatch),22%,GPU Bottleneck
BUILD_0883,Intel Core i3-12100F,AMD Radeon RX 7900 XTX,ASUS ROG Strix Z790,16GB DDR4,4K,Yes,55%,GPU Bottleneck
BUILD_0884,Intel Core i3-12100F,AMD Radeon RX 7900 XTX,MSI MAG B650 Tomahawk,16GB DDR4,4K,No (Socket Mismatch),55%,GPU Bottleneck
BUILD_0885,AMD Ryzen 5 5600X,NVIDIA GTX 1660 Super,Gigabyte B550 AORUS Elite,16GB DDR4,1080p,Yes,12%,General / Low
BUILD_0886,AMD Ryzen 5 5600X,NVIDIA GTX 1660 Super,ASRock B760M,16GB DDR4,1080p,No (Socket Mismatch),12%,General / Low
BUILD_0887,Intel Core i9-14900K,NVIDIA RTX 4090,ASUS ROG Strix Z790,64GB DDR5,4K,Yes,3%,General / Low
BUILD_0888,Intel Core i9-14900K,NVIDIA RTX 4090,MSI MAG B650 Tomahawk,64GB DDR5,4K,No (Socket Mismatch),3%,General / Low
BUILD_0889,AMD Ryzen 5 7600X,AMD Radeon RX 7700 XT,MSI MAG B650 Tomahawk,16GB DDR5,1440p,Yes,6%,General / Low
BUILD_0890,AMD Ryzen 5 7600X,AMD Radeon RX 7700 XT,ASRock B760M,16GB DDR5,1440p,No (Socket Mismatch),6%,General / Low
BUILD_0891,Intel Core i7-10700K,NVIDIA RTX 4070 Ti,ASUS Prime Z490-A,32GB DDR4,1440p,Yes,21%,CPU Bottleneck
BUILD_0892,Intel Core i7-10700K,NVIDIA RTX 4070 Ti,Gigabyte B550 AORUS Elite,32GB DDR4,1440p,No (Socket Mismatch),21%,CPU Bottleneck
BUILD_0893,AMD Ryzen 7 3700X,AMD Radeon RX 6600,Gigabyte B550 AORUS Elite,16GB DDR4,1080p,Yes,5%,General / Low
BUILD_0894,AMD Ryzen 7 3700X,AMD Radeon RX 6600,ASUS Prime Z490-A,16GB DDR4,1080p,No (Socket Mismatch),5%,General / Low
BUILD_0895,Intel Core i5-13600K,NVIDIA RTX 3060,ASRock B760M,32GB DDR5,1440p,Yes,17%,GPU Bottleneck
BUILD_0896,Intel Core i5-13600K,NVIDIA RTX 3060,MSI MAG B650 Tomahawk,32GB DDR5,1440p,No (Socket Mismatch),17%,GPU Bottleneck
BUILD_0897,AMD Ryzen 7 7800X3D,AMD Radeon RX 7900 XTX,MSI MAG B650 Tomahawk,32GB DDR5,4K,Yes,7%,General / Low
BUILD_0898,AMD Ryzen 7 7800X3D,AMD Radeon RX 7900 XTX,ASRock B760M,32GB DDR5,4K,No (Socket Mismatch),7%,General / Low
BUILD_0899,Intel Core i3-12100F,NVIDIA GTX 1660 Super,ASUS ROG Strix Z790,8GB DDR4,1080p,Yes,9%,General / Low
BUILD_0900,Intel Core i3-12100F,NVIDIA GTX 1660 Super,MSI MAG B650 Tomahawk,8GB DDR4,1080p,No (Socket Mismatch),9%,General / Low
BUILD_0901,AMD Ryzen 5 5600X,NVIDIA RTX 4090,Gigabyte B550 AORUS Elite,16GB DDR4,1080p,Yes,42%,CPU Bottleneck
BUILD_0902,AMD Ryzen 5 5600X,NVIDIA RTX 4090,ASRock B760M,16GB DDR4,1080p,No (Socket Mismatch),42%,CPU Bottleneck
BUILD_0903,Intel Core i9-14900K,AMD Radeon RX 7700 XT,ASRock B760M,32GB DDR5,1440p,Yes,24%,GPU Bottleneck
BUILD_0904,Intel Core i9-14900K,AMD Radeon RX 7700 XT,Gigabyte B550 AORUS Elite,32GB DDR5,1440p,No (Socket Mismatch),24%,GPU Bottleneck
BUILD_0905,AMD Ryzen 5 7600X,NVIDIA RTX 4070 Ti,MSI MAG B650 Tomahawk,16GB DDR5,1440p,Yes,11%,General / Low
BUILD_0906,AMD Ryzen 5 7600X,NVIDIA RTX 4070 Ti,ASRock B760M,16GB DDR5,1440p,No (Socket Mismatch),11%,General / Low
BUILD_0907,Intel Core i7-10700K,AMD Radeon RX 6600,ASUS Prime Z490-A,16GB DDR4,1080p,Yes,10%,General / Low
BUILD_0908,Intel Core i7-10700K,AMD Radeon RX 6600,Gigabyte B550 AORUS Elite,16GB DDR4,1080p,No (Socket Mismatch),10%,General / Low
BUILD_0909,AMD Ryzen 7 3700X,NVIDIA RTX 3060,Gigabyte B550 AORUS Elite,32GB DDR4,1440p,Yes,11%,General / Low
BUILD_0910,AMD Ryzen 7 3700X,NVIDIA RTX 3060,ASUS Prime Z490-A,32GB DDR4,1440p,No (Socket Mismatch),11%,General / Low
BUILD_0911,Intel Core i5-13600K,AMD Radeon RX 7900 XTX,ASRock B760M,32GB DDR5,1440p,Yes,15%,CPU Bottleneck
BUILD_0912,Intel Core i5-13600K,AMD Radeon RX 7900 XTX,MSI MAG B650 Tomahawk,32GB DDR5,1440p,No (Socket Mismatch),15%,CPU Bottleneck
BUILD_0913,AMD Ryzen 7 7800X3D,NVIDIA GTX 1660 Super,MSI MAG B650 Tomahawk,16GB DDR5,4K,Yes,48%,GPU Bottleneck
BUILD_0914,AMD Ryzen 7 7800X3D,NVIDIA GTX 1660 Super,ASRock B760M,16GB DDR5,4K,No (Socket Mismatch),48%,GPU Bottleneck
BUILD_0915,Intel Core i3-12100F,AMD Radeon RX 7700 XT,ASUS ROG Strix Z790,8GB DDR4,1080p,Yes,33%,CPU Bottleneck
BUILD_0916,Intel Core i3-12100F,AMD Radeon RX 7700 XT,MSI MAG B650 Tomahawk,8GB DDR4,1080p,No (Socket Mismatch),33%,CPU Bottleneck
BUILD_0917,AMD Ryzen 5 5600X,NVIDIA RTX 4090,Gigabyte B550 AORUS Elite,32GB DDR4,1080p,Yes,51%,CPU Bottleneck
BUILD_0918,AMD Ryzen 5 5600X,NVIDIA RTX 4090,ASRock B760M,32GB DDR4,1080p,No (Socket Mismatch),51%,CPU Bottleneck
BUILD_0919,Intel Core i9-14900K,NVIDIA RTX 4070 Ti,ASUS ROG Strix Z790,32GB DDR5,1440p,Yes,6%,General / Low
BUILD_0920,Intel Core i9-14900K,NVIDIA RTX 4070 Ti,MSI MAG B650 Tomahawk,32GB DDR5,1440p,No (Socket Mismatch),6%,General / Low
BUILD_0921,AMD Ryzen 5 7600X,AMD Radeon RX 6600,MSI MAG B650 Tomahawk,16GB DDR5,1080p,Yes,9%,General / Low
BUILD_0922,AMD Ryzen 5 7600X,AMD Radeon RX 6600,ASUS Prime Z490-A,16GB DDR5,1080p,No (Socket Mismatch),9%,General / Low
BUILD_0923,Intel Core i7-10700K,NVIDIA RTX 3060,ASUS Prime Z490-A,16GB DDR4,1440p,Yes,10%,General / Low
BUILD_0924,Intel Core i7-10700K,NVIDIA RTX 3060,Gigabyte B550 AORUS Elite,16GB DDR4,1440p,No (Socket Mismatch),10%,General / Low
BUILD_0925,AMD Ryzen 7 3700X,AMD Radeon RX 7900 XTX,Gigabyte B550 AORUS Elite,32GB DDR4,4K,Yes,45%,GPU Bottleneck
BUILD_0926,AMD Ryzen 7 3700X,AMD Radeon RX 7900 XTX,ASRock B760M,32GB DDR4,4K,No (Socket Mismatch),45%,GPU Bottleneck
BUILD_0927,Intel Core i5-13600K,NVIDIA GTX 1660 Super,ASRock B760M,16GB DDR4,1080p,Yes,31%,GPU Bottleneck
BUILD_0928,Intel Core i5-13600K,NVIDIA GTX 1660 Super,MSI MAG B650 Tomahawk,16GB DDR4,1080p,No (Socket Mismatch),31%,GPU Bottleneck
BUILD_0929,AMD Ryzen 7 7800X3D,AMD Radeon RX 7700 XT,MSI MAG B650 Tomahawk,32GB DDR5,1440p,Yes,23%,CPU Bottleneck
BUILD_0930,AMD Ryzen 7 7800X3D,AMD Radeon RX 7700 XT,ASUS ROG Strix Z790,32GB DDR5,1440p,No (Socket Mismatch),23%,CPU Bottleneck
BUILD_0931,Intel Core i3-12100F,NVIDIA RTX 4070 Ti,ASUS ROG Strix Z790,8GB DDR4,1080p,Yes,35%,CPU Bottleneck
BUILD_0932,Intel Core i3-12100F,NVIDIA RTX 4070 Ti,MSI MAG B650 Tomahawk,8GB DDR4,1080p,No (Socket Mismatch),35%,CPU Bottleneck
BUILD_0933,AMD Ryzen 5 5600X,AMD Radeon RX 6600,Gigabyte B550 AORUS Elite,16GB DDR4,1080p,Yes,7%,General / Low
BUILD_0934,AMD Ryzen 5 5600X,AMD Radeon RX 6600,ASRock B760M,16GB DDR4,1080p,No (Socket Mismatch),7%,General / Low
BUILD_0935,Intel Core i9-14900K,NVIDIA RTX 3060,ASRock B760M,64GB DDR5,1440p,Yes,28%,GPU Bottleneck
BUILD_0936,Intel Core i9-14900K,NVIDIA RTX 3060,Gigabyte B550 AORUS Elite,64GB DDR5,1440p,No (Socket Mismatch),28%,GPU Bottleneck
BUILD_0937,AMD Ryzen 5 7600X,AMD Radeon RX 7900 XTX,MSI MAG B650 Tomahawk,32GB DDR5,4K,Yes,24%,GPU Bottleneck
BUILD_0938,AMD Ryzen 5 7600X,AMD Radeon RX 7900 XTX,ASUS ROG Strix Z790,32GB DDR5,4K,No (Socket Mismatch),24%,GPU Bottleneck
BUILD_0939,Intel Core i7-10700K,NVIDIA GTX 1660 Super,ASUS Prime Z490-A,16GB DDR4,1080p,Yes,8%,General / Low
BUILD_0940,Intel Core i7-10700K,NVIDIA GTX 1660 Super,Gigabyte B550 AORUS Elite,16GB DDR4,1080p,No (Socket Mismatch),8%,General / Low
BUILD_0941,AMD Ryzen 7 3700X,NVIDIA RTX 4090,Gigabyte B550 AORUS Elite,32GB DDR4,1080p,Yes,55%,CPU Bottleneck
BUILD_0942,AMD Ryzen 7 3700X,NVIDIA RTX 4090,ASRock B760M,32GB DDR4,1080p,No (Socket Mismatch),55%,CPU Bottleneck
BUILD_0943,Intel Core i5-13600K,AMD Radeon RX 7700 XT,ASRock B760M,16GB DDR5,1440p,Yes,4%,General / Low
BUILD_0944,Intel Core i5-13600K,AMD Radeon RX 7700 XT,MSI MAG B650 Tomahawk,16GB DDR5,1440p,No (Socket Mismatch),4%,General / Low
BUILD_0945,AMD Ryzen 7 7800X3D,NVIDIA RTX 4070 Ti,MSI MAG B650 Tomahawk,32GB DDR5,1440p,Yes,19%,CPU Bottleneck
BUILD_0946,AMD Ryzen 7 7800X3D,NVIDIA RTX 4070 Ti,ASUS ROG Strix Z790,32GB DDR5,1440p,No (Socket Mismatch),19%,CPU Bottleneck
BUILD_0947,Intel Core i3-12100F,AMD Radeon RX 6600,ASUS ROG Strix Z790,16GB DDR4,1080p,Yes,12%,General / Low
BUILD_0948,Intel Core i3-12100F,AMD Radeon RX 6600,MSI MAG B650 Tomahawk,16GB DDR4,1080p,No (Socket Mismatch),12%,General / Low
BUILD_0949,AMD Ryzen 5 5600X,NVIDIA RTX 3060,Gigabyte B550 AORUS Elite,16GB DDR4,1440p,Yes,11%,General / Low
BUILD_0950,AMD Ryzen 5 5600X,NVIDIA RTX 3060,ASUS Prime Z490-A,16GB DDR4,1440p,No (Socket Mismatch),11%,General / Low
BUILD_0951,Intel Core i9-14900K,AMD Radeon RX 7900 XTX,ASRock B760M,32GB DDR5,4K,Yes,3%,General / Low
BUILD_0952,Intel Core i9-14900K,AMD Radeon RX 7900 XTX,Gigabyte B550 AORUS Elite,32GB DDR5,4K,No (Socket Mismatch),3%,General / Low
BUILD_0953,AMD Ryzen 5 7600X,NVIDIA GTX 1660 Super,MSI MAG B650 Tomahawk,16GB DDR5,1080p,Yes,26%,GPU Bottleneck
BUILD_0954,AMD Ryzen 5 7600X,NVIDIA GTX 1660 Super,ASRock B760M,16GB DDR5,1080p,No (Socket Mismatch),26%,GPU Bottleneck
BUILD_0955,Intel Core i7-10700K,NVIDIA RTX 4090,ASUS Prime Z490-A,32GB DDR4,1080p,Yes,49%,CPU Bottleneck
BUILD_0956,Intel Core i7-10700K,NVIDIA RTX 4090,Gigabyte B550 AORUS Elite,32GB DDR4,1080p,No (Socket Mismatch),49%,CPU Bottleneck
BUILD_0957,AMD Ryzen 7 3700X,AMD Radeon RX 7700 XT,Gigabyte B550 AORUS Elite,16GB DDR4,1440p,Yes,21%,CPU Bottleneck
BUILD_0958,AMD Ryzen 7 3700X,AMD Radeon RX 7700 XT,ASRock B760M,16GB DDR4,1440p,No (Socket Mismatch),21%,CPU Bottleneck
BUILD_0959,Intel Core i5-13600K,NVIDIA RTX 4070 Ti,ASRock B760M,32GB DDR5,1440p,Yes,6%,General / Low
BUILD_0960,Intel Core i5-13600K,NVIDIA RTX 4070 Ti,MSI MAG B650 Tomahawk,32GB DDR5,1440p,No (Socket Mismatch),6%,General / Low
BUILD_0961,AMD Ryzen 7 7800X3D,AMD Radeon RX 6600,MSI MAG B650 Tomahawk,32GB DDR5,1080p,Yes,30%,CPU Bottleneck
BUILD_0962,AMD Ryzen 7 7800X3D,AMD Radeon RX 6600,ASUS ROG Strix Z790,32GB DDR5,1080p,No (Socket Mismatch),30%,CPU Bottleneck
BUILD_0963,Intel Core i3-12100F,NVIDIA RTX 3060,ASUS ROG Strix Z790,16GB DDR4,1440p,Yes,17%,GPU Bottleneck
BUILD_0964,Intel Core i3-12100F,NVIDIA RTX 3060,MSI MAG B650 Tomahawk,16GB DDR4,1440p,No (Socket Mismatch),17%,GPU Bottleneck
BUILD_0965,AMD Ryzen 5 5600X,AMD Radeon RX 7900 XTX,Gigabyte B550 AORUS Elite,32GB DDR4,4K,Yes,43%,GPU Bottleneck
BUILD_0966,AMD Ryzen 5 5600X,AMD Radeon RX 7900 XTX,ASRock B760M,32GB DDR4,4K,No (Socket Mismatch),43%,GPU Bottleneck
BUILD_0967,Intel Core i9-14900K,NVIDIA GTX 1660 Super,ASRock B760M,32GB DDR5,1080p,Yes,35%,GPU Bottleneck
BUILD_0968,Intel Core i9-14900K,NVIDIA GTX 1660 Super,Gigabyte B550 AORUS Elite,32GB DDR5,1080p,No (Socket Mismatch),35%,GPU Bottleneck
BUILD_0969,AMD Ryzen 5 7600X,NVIDIA RTX 4090,MSI MAG B650 Tomahawk,32GB DDR5,1080p,Yes,31%,CPU Bottleneck
BUILD_0970,AMD Ryzen 5 7600X,NVIDIA RTX 4090,ASRock B760M,32GB DDR5,1080p,No (Socket Mismatch),31%,CPU Bottleneck
BUILD_0971,Intel Core i7-10700K,AMD Radeon RX 7700 XT,ASUS Prime Z490-A,16GB DDR4,1440p,Yes,16%,CPU Bottleneck
BUILD_0972,Intel Core i7-10700K,AMD Radeon RX 7700 XT,Gigabyte B550 AORUS Elite,16GB DDR4,1440p,No (Socket Mismatch),16%,CPU Bottleneck
BUILD_0973,AMD Ryzen 7 3700X,NVIDIA RTX 4070 Ti,Gigabyte B550 AORUS Elite,32GB DDR4,1440p,Yes,27%,CPU Bottleneck
BUILD_0974,AMD Ryzen 7 3700X,NVIDIA RTX 4070 Ti,ASUS Prime Z490-A,32GB DDR4,1440p,No (Socket Mismatch),27%,CPU Bottleneck
BUILD_0975,Intel Core i5-13600K,AMD Radeon RX 6600,ASRock B760M,16GB DDR5,1080p,Yes,21%,CPU Bottleneck
BUILD_0976,Intel Core i5-13600K,AMD Radeon RX 6600,MSI MAG B650 Tomahawk,16GB DDR5,1080p,No (Socket Mismatch),21%,CPU Bottleneck
BUILD_0977,AMD Ryzen 7 7800X3D,NVIDIA RTX 3060,MSI MAG B650 Tomahawk,32GB DDR5,1440p,Yes,24%,GPU Bottleneck
BUILD_0978,AMD Ryzen 7 7800X3D,NVIDIA RTX 3060,ASRock B760M,32GB DDR5,1440p,No (Socket Mismatch),24%,GPU Bottleneck
BUILD_0979,Intel Core i3-12100F,AMD Radeon RX 7900 XTX,ASUS ROG Strix Z790,16GB DDR4,4K,Yes,57%,GPU Bottleneck
BUILD_0980,Intel Core i3-12100F,AMD Radeon RX 7900 XTX,MSI MAG B650 Tomahawk,16GB DDR4,4K,No (Socket Mismatch),57%,GPU Bottleneck
BUILD_0981,AMD Ryzen 5 5600X,NVIDIA GTX 1660 Super,Gigabyte B550 AORUS Elite,16GB DDR4,1080p,Yes,14%,General / Low
BUILD_0982,AMD Ryzen 5 5600X,NVIDIA GTX 1660 Super,ASRock B760M,16GB DDR4,1080p,No (Socket Mismatch),14%,General / Low
BUILD_0983,Intel Core i9-14900K,NVIDIA RTX 4090,ASUS ROG Strix Z790,64GB DDR5,4K,Yes,4%,General / Low
BUILD_0984,Intel Core i9-14900K,NVIDIA RTX 4090,MSI MAG B650 Tomahawk,64GB DDR5,4K,No (Socket Mismatch),4%,General / Low
BUILD_0985,AMD Ryzen 5 7600X,AMD Radeon RX 7700 XT,MSI MAG B650 Tomahawk,16GB DDR5,1440p,Yes,8%,General / Low
BUILD_0986,AMD Ryzen 5 7600X,AMD Radeon RX 7700 XT,ASRock B760M,16GB DDR5,1440p,No (Socket Mismatch),8%,General / Low
BUILD_0987,Intel Core i7-10700K,NVIDIA RTX 4070 Ti,ASUS Prime Z490-A,32GB DDR4,1440p,Yes,23%,CPU Bottleneck
BUILD_0988,Intel Core i7-10700K,NVIDIA RTX 4070 Ti,Gigabyte B550 AORUS Elite,32GB DDR4,1440p,No (Socket Mismatch),23%,CPU Bottleneck
BUILD_0989,AMD Ryzen 7 3700X,AMD Radeon RX 6600,Gigabyte B550 AORUS Elite,16GB DDR4,1080p,Yes,7%,General / Low
BUILD_0990,AMD Ryzen 7 3700X,AMD Radeon RX 6600,ASUS Prime Z490-A,16GB DDR4,1080p,No (Socket Mismatch),7%,General / Low
BUILD_0991,Intel Core i5-13600K,NVIDIA RTX 3060,ASRock B760M,32GB DDR5,1440p,Yes,19%,GPU Bottleneck
BUILD_0992,Intel Core i5-13600K,NVIDIA RTX 3060,MSI MAG B650 Tomahawk,32GB DDR5,1440p,No (Socket Mismatch),19%,GPU Bottleneck
BUILD_0993,AMD Ryzen 7 7800X3D,AMD Radeon RX 7900 XTX,MSI MAG B650 Tomahawk,32GB DDR5,4K,Yes,9%,General / Low
BUILD_0994,AMD Ryzen 7 7800X3D,AMD Radeon RX 7900 XTX,ASRock B760M,32GB DDR5,4K,No (Socket Mismatch),9%,General / Low
BUILD_0995,Intel Core i3-12100F,NVIDIA GTX 1660 Super,ASUS ROG Strix Z790,8GB DDR4,1080p,Yes,11%,General / Low
BUILD_0996,Intel Core i3-12100F,NVIDIA GTX 1660 Super,MSI MAG B650 Tomahawk,8GB DDR4,1080p,No (Socket Mismatch),11%,General / Low
BUILD_0997,AMD Ryzen 5 5600X,NVIDIA RTX 4090,ASUS Prime Z490-A,16GB DDR4,1080p,No (Socket Mismatch),44%,CPU Bottleneck
BUILD_0998,Intel Core i9-14900K,AMD Radeon RX 7700 XT,ASRock B760M,32GB DDR5,1440p,Yes,26%,GPU Bottleneck
BUILD_0999,AMD Ryzen 5 7600X,NVIDIA RTX 4070 Ti,MSI MAG B650 Tomahawk,16GB DDR5,1440p,Yes,13%,General / Low
BUILD_1000,Intel Core i7-10700K,AMD Radeon RX 6600,ASUS Prime Z490-A,16GB DDR4,1080p,Yes,12%,General / Low
BUILD_1001,AMD Ryzen 7 7800X3D,NVIDIA RTX 4090,MSI MAG B650 Tomahawk,32GB DDR5,4K,Yes,4%,General / Low
BUILD_1002,Intel Core i3-12100F,NVIDIA RTX 4090,ASUS ROG Strix Z790,16GB DDR4,1080p,Yes,55%,CPU Bottleneck
BUILD_1003,AMD Ryzen 5 5600X,AMD Radeon RX 7700 XT,ASUS Prime Z490-A,8GB DDR4,1440p,No,21%,GPU Bottleneck
BUILD_1004,Intel Core i9-14900K,NVIDIA GTX 1660 Super,ASRock B760M,64GB DDR5,4K,Yes,62%,GPU Bottleneck
BUILD_1005,AMD Ryzen 5 7600X,NVIDIA RTX 4070 Ti,MSI MAG B650 Tomahawk,16GB DDR5,1440p,Yes,8%,General / Low
BUILD_1006,Intel Core i7-10700K,AMD Radeon RX 6600,Gigabyte B550 AORUS Elite,16GB DDR4,1080p,No,12%,General / Low
BUILD_1007,AMD Ryzen 7 3700X,NVIDIA RTX 3060,Gigabyte B550 AORUS Elite,32GB DDR4,1440p,Yes,9%,General / Low
BUILD_1008,Intel Core i5-13600K,AMD Radeon RX 7900 XTX,ASUS ROG Strix Z790,32GB DDR5,1440p,Yes,17%,CPU Bottleneck
BUILD_1009,AMD Ryzen 7 7800X3D,NVIDIA GTX 1660 Super,MSI MAG B650 Tomahawk,16GB DDR5,4K,Yes,59%,GPU Bottleneck
BUILD_1010,Intel Core i3-12100F,AMD Radeon RX 7700 XT,ASRock B760M,8GB DDR4,1080p,Yes,26%,CPU Bottleneck
BUILD_1011,AMD Ryzen 5 5600X,NVIDIA RTX 4090,Gigabyte B550 AORUS Elite,32GB DDR4,1080p,Yes,48%,CPU Bottleneck
BUILD_1012,Intel Core i9-14900K,NVIDIA RTX 4070 Ti,ASUS ROG Strix Z790,32GB DDR5,1440p,Yes,13%,CPU Bottleneck
BUILD_1013,AMD Ryzen 5 7600X,AMD Radeon RX 6600,MSI MAG B650 Tomahawk,16GB DDR5,1080p,Yes,22%,CPU Bottleneck
BUILD_1014,Intel Core i7-10700K,NVIDIA RTX 3060,ASUS Prime Z490-A,16GB DDR4,1440p,Yes,11%,General / Low
BUILD_1015,AMD Ryzen 7 3700X,AMD Radeon RX 7900 XTX,Gigabyte B550 AORUS Elite,32GB DDR4,4K,Yes,43%,GPU Bottleneck
BUILD_1016,Intel Core i5-13600K,NVIDIA GTX 1660 Super,ASRock B760M,16GB DDR4,1080p,Yes,30%,GPU Bottleneck
BUILD_1017,AMD Ryzen 7 7800X3D,AMD Radeon RX 7700 XT,MSI MAG B650 Tomahawk,32GB DDR5,1440p,Yes,18%,CPU Bottleneck
BUILD_1018,Intel Core i3-12100F,NVIDIA RTX 4070 Ti,ASUS ROG Strix Z790,8GB DDR4,1080p,Yes,32%,CPU Bottleneck
BUILD_1019,AMD Ryzen 5 5600X,AMD Radeon RX 6600,Gigabyte B550 AORUS Elite,16GB DDR4,1080p,Yes,7%,General / Low
BUILD_1020,Intel Core i9-14900K,NVIDIA RTX 3060,ASRock B760M,64GB DDR5,1440p,Yes,25%,GPU Bottleneck
BUILD_1021,AMD Ryzen 5 7600X,AMD Radeon RX 7900 XTX,MSI MAG B650 Tomahawk,32GB DDR5,4K,Yes,23%,GPU Bottleneck
BUILD_1022,Intel Core i7-10700K,NVIDIA GTX 1660 Super,ASUS Prime Z490-A,16GB DDR4,1080p,Yes,6%,General / Low
BUILD_1023,AMD Ryzen 7 3700X,NVIDIA RTX 4090,Gigabyte B550 AORUS Elite,32GB DDR4,1080p,Yes,53%,CPU Bottleneck
BUILD_1024,Intel Core i5-13600K,AMD Radeon RX 7700 XT,ASRock B760M,16GB DDR5,1440p,Yes,6%,General / Low
BUILD_1025,AMD Ryzen 7 7800X3D,NVIDIA RTX 4070 Ti,MSI MAG B650 Tomahawk,32GB DDR5,1440p,Yes,15%,CPU Bottleneck
BUILD_1026,Intel Core i3-12100F,AMD Radeon RX 6600,ASUS ROG Strix Z790,16GB DDR4,1080p,Yes,12%,General / Low
BUILD_1027,AMD Ryzen 5 5600X,NVIDIA RTX 3060,Gigabyte B550 AORUS Elite,16GB DDR4,1440p,Yes,9%,General / Low
BUILD_1028,Intel Core i9-14900K,AMD Radeon RX 7900 XTX,ASRock B760M,32GB DDR5,4K,Yes,5%,General / Low
BUILD_1029,AMD Ryzen 5 7600X,NVIDIA GTX 1660 Super,MSI MAG B650 Tomahawk,16GB DDR5,1080p,Yes,25%,GPU Bottleneck
BUILD_1030,Intel Core i7-10700K,NVIDIA RTX 4090,ASUS Prime Z490-A,32GB DDR4,1080p,Yes,46%,CPU Bottleneck
BUILD_1031,AMD Ryzen 7 3700X,AMD Radeon RX 7700 XT,Gigabyte B550 AORUS Elite,16GB DDR4,1440p,Yes,19%,CPU Bottleneck
BUILD_1032,Intel Core i5-13600K,NVIDIA RTX 4070 Ti,ASRock B760M,32GB DDR5,1440p,Yes,8%,General / Low
BUILD_1033,AMD Ryzen 7 7800X3D,AMD Radeon RX 6600,MSI MAG B650 Tomahawk,32GB DDR5,1080p,Yes,27%,CPU Bottleneck
BUILD_1034,Intel Core i3-12100F,NVIDIA RTX 3060,ASUS ROG Strix Z790,16GB DDR4,1440p,Yes,14%,GPU Bottleneck
BUILD_1035,AMD Ryzen 5 5600X,AMD Radeon RX 7900 XTX,Gigabyte B550 AORUS Elite,16GB DDR4,4K,Yes,42%,GPU Bottleneck
BUILD_1036,Intel Core i9-14900K,NVIDIA GTX 1660 Super,ASRock B760M,32GB DDR5,1080p,Yes,34%,GPU Bottleneck
BUILD_1037,AMD Ryzen 5 7600X,NVIDIA RTX 4090,MSI MAG B650 Tomahawk,32GB DDR5,1080p,Yes,30%,CPU Bottleneck
BUILD_1038,Intel Core i7-10700K,AMD Radeon RX 7700 XT,ASUS Prime Z490-A,16GB DDR4,1440p,Yes,13%,CPU Bottleneck
BUILD_1039,AMD Ryzen 7 3700X,NVIDIA RTX 4070 Ti,Gigabyte B550 AORUS Elite,32GB DDR4,1440p,Yes,24%,CPU Bottleneck
BUILD_1040,Intel Core i5-13600K,AMD Radeon RX 6600,ASRock B760M,16GB DDR5,1080p,Yes,18%,CPU Bottleneck
BUILD_1041,AMD Ryzen 7 7800X3D,NVIDIA RTX 3060,MSI MAG B650 Tomahawk,32GB DDR5,1440p,Yes,21%,GPU Bottleneck
BUILD_1042,Intel Core i3-12100F,AMD Radeon RX 7900 XTX,ASUS ROG Strix Z790,16GB DDR4,4K,Yes,54%,GPU Bottleneck
BUILD_1043,AMD Ryzen 5 5600X,NVIDIA GTX 1660 Super,Gigabyte B550 AORUS Elite,16GB DDR4,1080p,Yes,13%,General / Low
BUILD_1044,Intel Core i9-14900K,NVIDIA RTX 4090,ASUS ROG Strix Z790,64GB DDR5,4K,Yes,4%,General / Low
BUILD_1045,AMD Ryzen 5 7600X,AMD Radeon RX 7700 XT,MSI MAG B650 Tomahawk,16GB DDR5,1440p,Yes,7%,General / Low
BUILD_1046,Intel Core i7-10700K,NVIDIA RTX 4070 Ti,ASUS Prime Z490-A,32GB DDR4,1440p,Yes,22%,CPU Bottleneck
BUILD_1047,AMD Ryzen 7 3700X,AMD Radeon RX 6600,Gigabyte B550 AORUS Elite,16GB DDR4,1080p,Yes,4%,General / Low
BUILD_1048,Intel Core i5-13600K,NVIDIA RTX 3060,ASRock B760M,32GB DDR5,1440p,Yes,16%,GPU Bottleneck
BUILD_1049,AMD Ryzen 7 7800X3D,AMD Radeon RX 7900 XTX,MSI MAG B650 Tomahawk,32GB DDR5,4K,Yes,6%,General / Low
BUILD_1050,Intel Core i3-12100F,NVIDIA GTX 1660 Super,ASUS ROG Strix Z790,8GB DDR4,1080p,Yes,8%,General / Low
BUILD_1051,AMD Ryzen 5 5600X,NVIDIA RTX 4090,ASUS Prime Z490-A,16GB DDR4,1080p,No,41%,CPU Bottleneck
BUILD_1052,Intel Core i9-14900K,AMD Radeon RX 7700 XT,ASRock B760M,32GB DDR5,1440p,Yes,23%,GPU Bottleneck
BUILD_1053,AMD Ryzen 5 7600X,NVIDIA RTX 4070 Ti,MSI MAG B650 Tomahawk,16GB DDR5,1440p,Yes,12%,General / Low
BUILD_1054,Intel Core i7-10700K,AMD Radeon RX 6600,ASUS Prime Z490-A,16GB DDR4,1080p,Yes,9%,General / Low
BUILD_1055,AMD Ryzen 7 3700X,NVIDIA RTX 3060,Gigabyte B550 AORUS Elite,32GB DDR4,1440p,Yes,12%,General / Low
BUILD_1056,Intel Core i5-13600K,AMD Radeon RX 7900 XTX,ASRock B760M,32GB DDR5,1440p,Yes,14%,CPU Bottleneck
BUILD_1057,AMD Ryzen 7 7800X3D,NVIDIA GTX 1660 Super,MSI MAG B650 Tomahawk,16GB DDR5,4K,Yes,47%,GPU Bottleneck
BUILD_1058,Intel Core i3-12100F,AMD Radeon RX 7700 XT,ASUS ROG Strix Z790,8GB DDR4,1080p,Yes,34%,CPU Bottleneck
BUILD_1059,AMD Ryzen 5 5600X,NVIDIA RTX 4090,Gigabyte B550 AORUS Elite,32GB DDR4,1080p,Yes,50%,CPU Bottleneck
BUILD_1060,Intel Core i9-14900K,NVIDIA RTX 4070 Ti,ASUS ROG Strix Z790,32GB DDR5,1440p,Yes,5%,General / Low
BUILD_1061,AMD Ryzen 5 7600X,AMD Radeon RX 6600,MSI MAG B650 Tomahawk,16GB DDR5,1080p,Yes,20%,CPU Bottleneck
BUILD_1062,Intel Core i7-10700K,NVIDIA RTX 3060,ASUS Prime Z490-A,16GB DDR4,1440p,Yes,11%,General / Low
BUILD_1063,AMD Ryzen 7 3700X,AMD Radeon RX 7900 XTX,Gigabyte B550 AORUS Elite,32GB DDR4,4K,Yes,45%,GPU Bottleneck
BUILD_1064,Intel Core i5-13600K,NVIDIA GTX 1660 Super,ASRock B760M,16GB DDR4,1080p,Yes,28%,GPU Bottleneck
BUILD_1065,AMD Ryzen 7 7800X3D,AMD Radeon RX 7700 XT,MSI MAG B650 Tomahawk,32GB DDR5,1440p,Yes,20%,CPU Bottleneck
BUILD_1066,Intel Core i3-12100F,NVIDIA RTX 4070 Ti,ASUS ROG Strix Z790,8GB DDR4,1080p,Yes,30%,CPU Bottleneck
BUILD_1067,AMD Ryzen 5 5600X,AMD Radeon RX 6600,Gigabyte B550 AORUS Elite,16GB DDR4,1080p,Yes,5%,General / Low
BUILD_1068,Intel Core i9-14900K,NVIDIA RTX 3060,ASRock B760M,64GB DDR5,1440p,Yes,27%,GPU Bottleneck
BUILD_1069,AMD Ryzen 5 7600X,AMD Radeon RX 7900 XTX,MSI MAG B650 Tomahawk,32GB DDR5,4K,Yes,21%,GPU Bottleneck
BUILD_1070,Intel Core i7-10700K,NVIDIA GTX 1660 Super,ASUS Prime Z490-A,16GB DDR4,1080p,Yes,8%,General / Low
BUILD_1071,AMD Ryzen 7 3700X,NVIDIA RTX 4090,Gigabyte B550 AORUS Elite,32GB DDR4,1080p,Yes,51%,CPU Bottleneck
BUILD_1072,Intel Core i5-13600K,AMD Radeon RX 7700 XT,ASRock B760M,16GB DDR5,1440p,Yes,4%,General / Low
BUILD_1073,AMD Ryzen 7 7800X3D,NVIDIA RTX 4070 Ti,MSI MAG B650 Tomahawk,32GB DDR5,1440p,Yes,17%,CPU Bottleneck
BUILD_1074,Intel Core i3-12100F,AMD Radeon RX 6600,ASUS ROG Strix Z790,16GB DDR4,1080p,Yes,10%,General / Low
BUILD_1075,AMD Ryzen 5 5600X,NVIDIA RTX 3060,Gigabyte B550 AORUS Elite,16GB DDR4,1440p,Yes,11%,General / Low
BUILD_1076,Intel Core i9-14900K,AMD Radeon RX 7900 XTX,ASRock B760M,32GB DDR5,4K,Yes,3%,General / Low
BUILD_1077,AMD Ryzen 5 7600X,NVIDIA GTX 1660 Super,MSI MAG B650 Tomahawk,16GB DDR5,1080p,Yes,23%,GPU Bottleneck
BUILD_1078,Intel Core i7-10700K,NVIDIA RTX 4090,ASUS Prime Z490-A,32GB DDR4,1080p,Yes,48%,CPU Bottleneck
BUILD_1079,AMD Ryzen 7 3700X,AMD Radeon RX 7700 XT,Gigabyte B550 AORUS Elite,16GB DDR4,1440p,Yes,17%,CPU Bottleneck
BUILD_1080,Intel Core i5-13600K,NVIDIA RTX 4070 Ti,ASRock B760M,32GB DDR5,1440p,Yes,6%,General / Low
BUILD_1081,AMD Ryzen 7 7800X3D,AMD Radeon RX 6600,MSI MAG B650 Tomahawk,32GB DDR5,1080p,Yes,29%,CPU Bottleneck
BUILD_1082,Intel Core i3-12100F,NVIDIA RTX 3060,ASUS ROG Strix Z790,16GB DDR4,1440p,Yes,16%,GPU Bottleneck
BUILD_1083,AMD Ryzen 5 5600X,AMD Radeon RX 7900 XTX,Gigabyte B550 AORUS Elite,16GB DDR4,4K,Yes,40%,GPU Bottleneck
BUILD_1084,Intel Core i9-14900K,NVIDIA GTX 1660 Super,ASRock B760M,32GB DDR5,1080p,Yes,32%,GPU Bottleneck
BUILD_1085,AMD Ryzen 5 7600X,NVIDIA RTX 4090,MSI MAG B650 Tomahawk,32GB DDR5,1080p,Yes,28%,CPU Bottleneck
BUILD_1086,Intel Core i7-10700K,AMD Radeon RX 7700 XT,ASUS Prime Z490-A,16GB DDR4,1440p,Yes,15%,CPU Bottleneck
BUILD_1087,AMD Ryzen 7 3700X,NVIDIA RTX 4070 Ti,Gigabyte B550 AORUS Elite,32GB DDR4,1440p,Yes,26%,CPU Bottleneck
BUILD_1088,Intel Core i5-13600K,AMD Radeon RX 6600,ASRock B760M,16GB DDR5,1080p,Yes,20%,CPU Bottleneck
BUILD_1089,AMD Ryzen 7 7800X3D,NVIDIA RTX 3060,MSI MAG B650 Tomahawk,32GB DDR5,1440p,Yes,23%,GPU Bottleneck
BUILD_1090,Intel Core i3-12100F,AMD Radeon RX 7900 XTX,ASUS ROG Strix Z790,16GB DDR4,4K,Yes,56%,GPU Bottleneck
BUILD_1091,AMD Ryzen 5 5600X,NVIDIA GTX 1660 Super,Gigabyte B550 AORUS Elite,16GB DDR4,1080p,Yes,11%,General / Low
BUILD_1092,Intel Core i9-14900K,NVIDIA RTX 4090,ASUS ROG Strix Z790,64GB DDR5,4K,Yes,2%,General / Low
BUILD_1093,AMD Ryzen 5 7600X,AMD Radeon RX 7700 XT,MSI MAG B650 Tomahawk,16GB DDR5,1440p,Yes,5%,General / Low
BUILD_1094,Intel Core i7-10700K,NVIDIA RTX 4070 Ti,ASUS Prime Z490-A,32GB DDR4,1440p,Yes,20%,CPU Bottleneck
BUILD_1095,AMD Ryzen 7 3700X,AMD Radeon RX 6600,Gigabyte B550 AORUS Elite,16GB DDR4,1080p,Yes,6%,General / Low
BUILD_1096,Intel Core i5-13600K,NVIDIA RTX 3060,ASRock B760M,32GB DDR5,1440p,Yes,18%,GPU Bottleneck
BUILD_1097,AMD Ryzen 7 7800X3D,AMD Radeon RX 7900 XTX,MSI MAG B650 Tomahawk,32GB DDR5,4K,Yes,8%,General / Low
BUILD_1098,Intel Core i3-12100F,NVIDIA GTX 1660 Super,ASUS ROG Strix Z790,8GB DDR4,1080p,Yes,10%,General / Low
BUILD_1099,AMD Ryzen 5 5600X,NVIDIA RTX 4090,ASUS Prime Z490-A,16GB DDR4,1080p,No,43%,CPU Bottleneck
BUILD_1100,Intel Core i9-14900K,AMD Radeon RX 7700 XT,ASRock B760M,32GB DDR5,1440p,Yes,25%,GPU Bottleneck
BUILD_1101,AMD Ryzen 7 7800X3D,NVIDIA RTX 4090,MSI MAG B650 Tomahawk,32GB DDR5,4K,Yes,5%,General / Low
BUILD_1102,Intel Core i3-12100F,NVIDIA RTX 4090,ASUS ROG Strix Z790,16GB DDR4,1080p,Yes,54%,CPU Bottleneck
BUILD_1103,AMD Ryzen 5 5600X,AMD Radeon RX 7700 XT,ASUS Prime Z490-A,8GB DDR4,1440p,No,22%,GPU Bottleneck
BUILD_1104,Intel Core i9-14900K,NVIDIA GTX 1660 Super,ASRock B760M,64GB DDR5,4K,Yes,61%,GPU Bottleneck
BUILD_1105,AMD Ryzen 5 7600X,NVIDIA RTX 4070 Ti,MSI MAG B650 Tomahawk,16GB DDR5,1440p,Yes,9%,General / Low
BUILD_1106,Intel Core i7-10700K,AMD Radeon RX 6600,Gigabyte B550 AORUS Elite,16GB DDR4,1080p,No,11%,General / Low
BUILD_1107,AMD Ryzen 7 3700X,NVIDIA RTX 3060,Gigabyte B550 AORUS Elite,32GB DDR4,1440p,Yes,8%,General / Low
BUILD_1108,Intel Core i5-13600K,AMD Radeon RX 7900 XTX,ASUS ROG Strix Z790,32GB DDR5,1440p,Yes,18%,CPU Bottleneck
BUILD_1109,AMD Ryzen 7 7800X3D,NVIDIA GTX 1660 Super,MSI MAG B650 Tomahawk,16GB DDR5,4K,Yes,58%,GPU Bottleneck
BUILD_1110,Intel Core i3-12100F,AMD Radeon RX 7700 XT,ASRock B760M,8GB DDR4,1080p,Yes,27%,CPU Bottleneck
BUILD_1111,AMD Ryzen 5 5600X,NVIDIA RTX 4090,Gigabyte B550 AORUS Elite,32GB DDR4,1080p,Yes,49%,CPU Bottleneck
BUILD_1112,Intel Core i9-14900K,NVIDIA RTX 4070 Ti,ASUS ROG Strix Z790,32GB DDR5,1440p,Yes,14%,CPU Bottleneck
BUILD_1113,AMD Ryzen 5 7600X,AMD Radeon RX 6600,MSI MAG B650 Tomahawk,16GB DDR5,1080p,Yes,21%,CPU Bottleneck
BUILD_1114,Intel Core i7-10700K,NVIDIA RTX 3060,ASUS Prime Z490-A,16GB DDR4,1440p,Yes,10%,General / Low
BUILD_1115,AMD Ryzen 7 3700X,AMD Radeon RX 7900 XTX,Gigabyte B550 AORUS Elite,32GB DDR4,4K,Yes,44%,GPU Bottleneck
BUILD_1116,Intel Core i5-13600K,NVIDIA GTX 1660 Super,ASRock B760M,16GB DDR4,1080p,Yes,29%,GPU Bottleneck
BUILD_1117,AMD Ryzen 7 7800X3D,AMD Radeon RX 7700 XT,MSI MAG B650 Tomahawk,32GB DDR5,1440p,Yes,19%,CPU Bottleneck
BUILD_1118,Intel Core i3-12100F,NVIDIA RTX 4070 Ti,ASUS ROG Strix Z790,8GB DDR4,1080p,Yes,31%,CPU Bottleneck
BUILD_1119,AMD Ryzen 5 5600X,AMD Radeon RX 6600,Gigabyte B550 AORUS Elite,16GB DDR4,1080p,Yes,6%,General / Low
BUILD_1120,Intel Core i9-14900K,NVIDIA RTX 3060,ASRock B760M,64GB DDR5,1440p,Yes,26%,GPU Bottleneck
BUILD_1121,AMD Ryzen 5 7600X,AMD Radeon RX 7900 XTX,MSI MAG B650 Tomahawk,32GB DDR5,4K,Yes,22%,GPU Bottleneck
BUILD_1122,Intel Core i7-10700K,NVIDIA GTX 1660 Super,ASUS Prime Z490-A,16GB DDR4,1080p,Yes,7%,General / Low
BUILD_1123,AMD Ryzen 7 3700X,NVIDIA RTX 4090,Gigabyte B550 AORUS Elite,32GB DDR4,1080p,Yes,52%,CPU Bottleneck
BUILD_1124,Intel Core i5-13600K,AMD Radeon RX 7700 XT,ASRock B760M,16GB DDR5,1440p,Yes,5%,General / Low
BUILD_1125,AMD Ryzen 7 7800X3D,NVIDIA RTX 4070 Ti,MSI MAG B650 Tomahawk,32GB DDR5,1440p,Yes,16%,CPU Bottleneck
BUILD_1126,Intel Core i3-12100F,AMD Radeon RX 6600,ASUS ROG Strix Z790,16GB DDR4,1080p,Yes,11%,General / Low
BUILD_1127,AMD Ryzen 5 5600X,NVIDIA RTX 3060,Gigabyte B550 AORUS Elite,16GB DDR4,1440p,Yes,10%,General / Low
BUILD_1128,Intel Core i9-14900K,AMD Radeon RX 7900 XTX,ASRock B760M,32GB DDR5,4K,Yes,4%,General / Low
BUILD_1129,AMD Ryzen 5 7600X,NVIDIA GTX 1660 Super,MSI MAG B650 Tomahawk,16GB DDR5,1080p,Yes,24%,GPU Bottleneck
BUILD_1130,Intel Core i7-10700K,NVIDIA RTX 4090,ASUS Prime Z490-A,32GB DDR4,1080p,Yes,47%,CPU Bottleneck
BUILD_1131,AMD Ryzen 7 3700X,AMD Radeon RX 7700 XT,Gigabyte B550 AORUS Elite,16GB DDR4,1440p,Yes,18%,CPU Bottleneck
BUILD_1132,Intel Core i5-13600K,NVIDIA RTX 4070 Ti,ASRock B760M,32GB DDR5,1440p,Yes,7%,General / Low
BUILD_1133,AMD Ryzen 7 7800X3D,AMD Radeon RX 6600,MSI MAG B650 Tomahawk,32GB DDR5,1080p,Yes,28%,CPU Bottleneck
BUILD_1134,Intel Core i3-12100F,NVIDIA RTX 3060,ASUS ROG Strix Z790,16GB DDR4,1440p,Yes,15%,GPU Bottleneck
BUILD_1135,AMD Ryzen 5 5600X,AMD Radeon RX 7900 XTX,Gigabyte B550 AORUS Elite,16GB DDR4,4K,Yes,41%,GPU Bottleneck
BUILD_1136,Intel Core i9-14900K,NVIDIA GTX 1660 Super,ASRock B760M,32GB DDR5,1080p,Yes,33%,GPU Bottleneck
BUILD_1137,AMD Ryzen 5 7600X,NVIDIA RTX 4090,MSI MAG B650 Tomahawk,32GB DDR5,1080p,Yes,29%,CPU Bottleneck
BUILD_1138,Intel Core i7-10700K,AMD Radeon RX 7700 XT,ASUS Prime Z490-A,16GB DDR4,1440p,Yes,14%,CPU Bottleneck
BUILD_1139,AMD Ryzen 7 3700X,NVIDIA RTX 4070 Ti,Gigabyte B550 AORUS Elite,32GB DDR4,1440p,Yes,25%,CPU Bottleneck
BUILD_1140,Intel Core i5-13600K,AMD Radeon RX 6600,ASRock B760M,16GB DDR5,1080p,Yes,19%,CPU Bottleneck
BUILD_1141,AMD Ryzen 7 7800X3D,NVIDIA RTX 3060,MSI MAG B650 Tomahawk,32GB DDR5,1440p,Yes,22%,GPU Bottleneck
BUILD_1142,Intel Core i3-12100F,AMD Radeon RX 7900 XTX,ASUS ROG Strix Z790,16GB DDR4,4K,Yes,55%,GPU Bottleneck
BUILD_1143,AMD Ryzen 5 5600X,NVIDIA GTX 1660 Super,Gigabyte B550 AORUS Elite,16GB DDR4,1080p,Yes,12%,General / Low
BUILD_1144,Intel Core i9-14900K,NVIDIA RTX 4090,ASUS ROG Strix Z790,64GB DDR5,4K,Yes,3%,General / Low
BUILD_1145,AMD Ryzen 5 7600X,AMD Radeon RX 7700 XT,MSI MAG B650 Tomahawk,16GB DDR5,1440p,Yes,6%,General / Low
BUILD_1146,Intel Core i7-10700K,NVIDIA RTX 4070 Ti,ASUS Prime Z490-A,32GB DDR4,1440p,Yes,21%,CPU Bottleneck
BUILD_1147,AMD Ryzen 7 3700X,AMD Radeon RX 6600,Gigabyte B550 AORUS Elite,16GB DDR4,1080p,Yes,5%,General / Low
BUILD_1148,Intel Core i5-13600K,NVIDIA RTX 3060,ASRock B760M,32GB DDR5,1440p,Yes,17%,GPU Bottleneck
BUILD_1149,AMD Ryzen 7 7800X3D,AMD Radeon RX 7900 XTX,MSI MAG B650 Tomahawk,32GB DDR5,4K,Yes,7%,General / Low
BUILD_1150,Intel Core i3-12100F,NVIDIA GTX 1660 Super,ASUS ROG Strix Z790,8GB DDR4,1080p,Yes,9%,General / Low
BUILD_1151,AMD Ryzen 5 5600X,NVIDIA RTX 4090,ASUS Prime Z490-A,16GB DDR4,1080p,No,42%,CPU Bottleneck
BUILD_1152,Intel Core i9-14900K,AMD Radeon RX 7700 XT,ASRock B760M,32GB DDR5,1440p,Yes,24%,GPU Bottleneck
BUILD_1153,AMD Ryzen 5 7600X,NVIDIA RTX 4070 Ti,MSI MAG B650 Tomahawk,16GB DDR5,1440p,Yes,11%,General / Low
BUILD_1154,Intel Core i7-10700K,AMD Radeon RX 6600,ASUS Prime Z490-A,16GB DDR4,1080p,Yes,10%,General / Low
BUILD_1155,AMD Ryzen 7 3700X,NVIDIA RTX 3060,Gigabyte B550 AORUS Elite,32GB DDR4,1440p,Yes,11%,General / Low
BUILD_1156,Intel Core i5-13600K,AMD Radeon RX 7900 XTX,ASRock B760M,32GB DDR5,1440p,Yes,15%,CPU Bottleneck
BUILD_1157,AMD Ryzen 7 7800X3D,NVIDIA GTX 1660 Super,MSI MAG B650 Tomahawk,16GB DDR5,4K,Yes,48%,GPU Bottleneck
BUILD_1158,Intel Core i3-12100F,AMD Radeon RX 7700 XT,ASUS ROG Strix Z790,8GB DDR4,1080p,Yes,33%,CPU Bottleneck
BUILD_1159,AMD Ryzen 5 5600X,NVIDIA RTX 4090,Gigabyte B550 AORUS Elite,32GB DDR4,1080p,Yes,51%,CPU Bottleneck
BUILD_1160,Intel Core i9-14900K,NVIDIA RTX 4070 Ti,ASUS ROG Strix Z790,32GB DDR5,1440p,Yes,6%,General / Low
BUILD_1161,AMD Ryzen 5 7600X,AMD Radeon RX 6600,MSI MAG B650 Tomahawk,16GB DDR5,1080p,Yes,21%,CPU Bottleneck
BUILD_1162,Intel Core i7-10700K,NVIDIA RTX 3060,ASUS Prime Z490-A,16GB DDR4,1440p,Yes,10%,General / Low
BUILD_1163,AMD Ryzen 7 3700X,AMD Radeon RX 7900 XTX,Gigabyte B550 AORUS Elite,32GB DDR4,4K,Yes,44%,GPU Bottleneck
BUILD_1164,Intel Core i5-13600K,NVIDIA GTX 1660 Super,ASRock B760M,16GB DDR4,1080p,Yes,29%,GPU Bottleneck
BUILD_1165,AMD Ryzen 7 7800X3D,AMD Radeon RX 7700 XT,MSI MAG B650 Tomahawk,32GB DDR5,1440p,Yes,19%,CPU Bottleneck
BUILD_1166,Intel Core i3-12100F,NVIDIA RTX 4070 Ti,ASUS ROG Strix Z790,8GB DDR4,1080p,Yes,31%,CPU Bottleneck
BUILD_1167,AMD Ryzen 5 5600X,AMD Radeon RX 6600,Gigabyte B550 AORUS Elite,16GB DDR4,1080p,Yes,6%,General / Low
BUILD_1168,Intel Core i9-14900K,NVIDIA RTX 3060,ASRock B760M,64GB DDR5,1440p,Yes,26%,GPU Bottleneck
BUILD_1169,AMD Ryzen 5 7600X,AMD Radeon RX 7900 XTX,MSI MAG B650 Tomahawk,32GB DDR5,4K,Yes,22%,GPU Bottleneck
BUILD_1170,Intel Core i7-10700K,NVIDIA GTX 1660 Super,ASUS Prime Z490-A,16GB DDR4,1080p,Yes,7%,General / Low
BUILD_1171,AMD Ryzen 7 3700X,NVIDIA RTX 4090,Gigabyte B550 AORUS Elite,32GB DDR4,1080p,Yes,52%,CPU Bottleneck
BUILD_1172,Intel Core i5-13600K,AMD Radeon RX 7700 XT,ASRock B760M,16GB DDR5,1440p,Yes,5%,General / Low
BUILD_1173,AMD Ryzen 7 7800X3D,NVIDIA RTX 4070 Ti,MSI MAG B650 Tomahawk,32GB DDR5,1440p,Yes,16%,CPU Bottleneck
BUILD_1174,Intel Core i3-12100F,AMD Radeon RX 6600,ASUS ROG Strix Z790,16GB DDR4,1080p,Yes,11%,General / Low
BUILD_1175,AMD Ryzen 5 5600X,NVIDIA RTX 3060,Gigabyte B550 AORUS Elite,16GB DDR4,1440p,Yes,10%,General / Low
BUILD_1176,Intel Core i9-14900K,AMD Radeon RX 7900 XTX,ASRock B760M,32GB DDR5,4K,Yes,4%,General / Low
BUILD_1177,AMD Ryzen 5 7600X,NVIDIA GTX 1660 Super,MSI MAG B650 Tomahawk,16GB DDR5,1080p,Yes,24%,GPU Bottleneck
BUILD_1178,Intel Core i7-10700K,NVIDIA RTX 4090,ASUS Prime Z490-A,32GB DDR4,1080p,Yes,47%,CPU Bottleneck
BUILD_1179,AMD Ryzen 7 3700X,AMD Radeon RX 7700 XT,Gigabyte B550 AORUS Elite,16GB DDR4,1440p,Yes,18%,CPU Bottleneck
BUILD_1180,Intel Core i5-13600K,NVIDIA RTX 4070 Ti,ASRock B760M,32GB DDR5,1440p,Yes,7%,General / Low
BUILD_1181,AMD Ryzen 7 7800X3D,AMD Radeon RX 6600,MSI MAG B650 Tomahawk,32GB DDR5,1080p,Yes,28%,CPU Bottleneck
BUILD_1182,Intel Core i3-12100F,NVIDIA RTX 3060,ASUS ROG Strix Z790,16GB DDR4,1440p,Yes,15%,GPU Bottleneck
BUILD_1183,AMD Ryzen 5 5600X,AMD Radeon RX 7900 XTX,Gigabyte B550 AORUS Elite,16GB DDR4,4K,Yes,41%,GPU Bottleneck
BUILD_1184,Intel Core i9-14900K,NVIDIA GTX 1660 Super,ASRock B760M,32GB DDR5,1080p,Yes,33%,GPU Bottleneck
BUILD_1185,AMD Ryzen 5 7600X,NVIDIA RTX 4090,MSI MAG B650 Tomahawk,32GB DDR5,1080p,Yes,29%,CPU Bottleneck
BUILD_1186,Intel Core i7-10700K,AMD Radeon RX 7700 XT,ASUS Prime Z490-A,16GB DDR4,1440p,Yes,14%,CPU Bottleneck
BUILD_1187,AMD Ryzen 7 3700X,NVIDIA RTX 4070 Ti,Gigabyte B550 AORUS Elite,32GB DDR4,1440p,Yes,25%,CPU Bottleneck
BUILD_1188,Intel Core i5-13600K,AMD Radeon RX 6600,ASRock B760M,16GB DDR5,1080p,Yes,19%,CPU Bottleneck
BUILD_1189,AMD Ryzen 7 7800X3D,NVIDIA RTX 3060,MSI MAG B650 Tomahawk,32GB DDR5,1440p,Yes,22%,GPU Bottleneck
BUILD_1190,Intel Core i3-12100F,AMD Radeon RX 7900 XTX,ASUS ROG Strix Z790,16GB DDR4,4K,Yes,55%,GPU Bottleneck
BUILD_1191,AMD Ryzen 5 7600X,NVIDIA RTX 4090,MSI MAG B650 Tomahawk,32GB DDR5,1440p,Yes,19%,CPU Bottleneck
BUILD_1192,Intel Core i7-10700K,AMD Radeon RX 7700 XT,ASUS Prime Z490-A,16GB DDR4,4K,Yes,33%,GPU Bottleneck
BUILD_1193,AMD Ryzen 7 3700X,NVIDIA RTX 4070 Ti,Gigabyte B550 AORUS Elite,32GB DDR4,1080p,Yes,28%,CPU Bottleneck
BUILD_1194,Intel Core i5-13600K,AMD Radeon RX 6600,ASRock B760M,16GB DDR5,1440p,Yes,21%,GPU Bottleneck
BUILD_1195,AMD Ryzen 7 7800X3D,NVIDIA RTX 3060,MSI MAG B650 Tomahawk,32GB DDR5,1080p,Yes,14%,CPU Bottleneck
BUILD_1196,Intel Core i3-12100F,AMD Radeon RX 7900 XTX,ASUS ROG Strix Z790,16GB DDR4,4K,Yes,49%,GPU Bottleneck
BUILD_1197,AMD Ryzen 5 5600X,NVIDIA GTX 1660 Super,Gigabyte B550 AORUS Elite,16GB DDR4,1440p,Yes,10%,General / Low
BUILD_1198,Intel Core i9-14900K,NVIDIA RTX 4090,ASUS ROG Strix Z790,64GB DDR5,1440p,Yes,5%,General / Low
BUILD_1199,AMD Ryzen 5 7600X,AMD Radeon RX 7700 XT,MSI MAG B650 Tomahawk,16GB DDR5,1080p,Yes,8%,General / Low
BUILD_1200,Intel Core i7-10700K,NVIDIA RTX 4070 Ti,ASUS Prime Z490-A,32GB DDR4,4K,Yes,30%,GPU Bottleneck
BUILD_1201,Intel Core i9-14900K,NVIDIA RTX 5090,GIGABYTE Z790 AORUS Elite,64GB DDR5,1440p,Yes,62%,General / Low
BUILD_1202,Intel Core i7-14700K,NVIDIA RTX 5080,MSI Z890 Tomahawk,16GB DDR5,1080p,Yes,5%,CPU Bottleneck
BUILD_1203,Intel Core i5-14600K,NVIDIA RTX 5070,ASUS Prime Z490-A,16GB DDR4,4K,Yes,3%,General / Low
BUILD_1204,Intel Core i3-14100,NVIDIA RTX 4090,GIGABYTE Z790 AORUS Elite,32GB DDR5,1440p,Yes,23%,CPU Bottleneck
BUILD_1205,Intel Core i9-13900K,NVIDIA RTX 4080 Super,ASRock B760M,32GB DDR5,1440p,Yes,63%,GPU Bottleneck
BUILD_1206,Intel Core i7-13700K,NVIDIA RTX 4070 Ti Super,ASRock B760M,96GB DDR5,4K,Yes,6%,CPU Bottleneck
BUILD_1207,Intel Core i5-13400F,NVIDIA RTX 4070 Super,MSI Z890 Tomahawk,96GB DDR5,1080p,Yes,65%,CPU Bottleneck
BUILD_1208,Intel Core i3-13100F,NVIDIA RTX 4060 Ti,MSI Z890 Tomahawk,16GB DDR5,1080p,Yes,29%,General / Low
BUILD_1209,Intel Core i9-12900K,NVIDIA RTX 4060,MSI PRO Z790-A WiFi,64GB DDR5,1080p,Yes,18%,CPU Bottleneck
BUILD_1210,Intel Core i7-12700K,NVIDIA RTX 3090 Ti,ASUS Prime Z490-A,32GB DDR4,4K,Yes,38%,CPU Bottleneck
BUILD_1211,Intel Core i5-12400F,NVIDIA RTX 3080,ASRock B760M,96GB DDR5,8K,Yes,44%,GPU Bottleneck
BUILD_1212,Intel Core i3-12100,NVIDIA RTX 3070,GIGABYTE Z790 AORUS Elite,16GB DDR5,1440p,Yes,26%,General / Low
BUILD_1213,Intel Core Ultra 9 285K,NVIDIA RTX 3060 Ti,MSI Z890 Tomahawk,16GB DDR5,4K,Yes,64%,General / Low
BUILD_1214,Intel Core Ultra 7 265K,NVIDIA RTX 3060,MSI Z890 Tomahawk,64GB DDR5,1440p,Yes,23%,GPU Bottleneck
BUILD_1215,Intel Core Ultra 5 245K,NVIDIA GTX 1660 Super,MSI Z890 Tomahawk,16GB DDR5,8K,Yes,12%,GPU Bottleneck
BUILD_1216,AMD Ryzen 9 9950X,AMD Radeon RX 7900 XTX,MSI MPG X670E Carbon,32GB DDR5,4K,Yes,68%,General / Low
BUILD_1217,AMD Ryzen 9 9900X,AMD Radeon RX 7900 XT,MSI MAG B650 Tomahawk,32GB DDR5,1440p,Yes,16%,General / Low
BUILD_1218,AMD Ryzen 7 9700X,AMD Radeon RX 7800 XT,ASRock X670E Taichi,32GB DDR5,4K,Yes,65%,General / Low
BUILD_1219,AMD Ryzen 5 9600X,AMD Radeon RX 7700 XT,GIGABYTE X670E AORUS Master,16GB DDR5,1080p,Yes,17%,General / Low
BUILD_1220,AMD Ryzen 7 7800X3D,AMD Radeon RX 7600 XT,GIGABYTE X670E AORUS Master,96GB DDR5,4K,Yes,25%,GPU Bottleneck
BUILD_1221,AMD Ryzen 9 7950X3D,AMD Radeon RX 6950 XT,ASUS ROG Crosshair X670E,16GB DDR5,4K,Yes,63%,General / Low
BUILD_1222,AMD Ryzen 9 7900X,AMD Radeon RX 6800 XT,MSI MAG B650 Tomahawk,32GB DDR5,1440p,Yes,28%,General / Low
BUILD_1223,AMD Ryzen 7 7700X,AMD Radeon RX 6700 XT,MSI MPG X670E Carbon,32GB DDR5,8K,Yes,43%,GPU Bottleneck
BUILD_1224,AMD Ryzen 5 7600X,AMD Radeon RX 6600,MSI MPG X670E Carbon,64GB DDR5,1440p,Yes,41%,CPU Bottleneck
BUILD_1225,AMD Ryzen 7 5800X3D,AMD Radeon RX 5700 XT,GIGABYTE B550 AORUS Elite,32GB DDR4,8K,Yes,10%,CPU Bottleneck
BUILD_1226,AMD Ryzen 9 5900X,NVIDIA RTX 5090,MSI MAG B550 Tomahawk,16GB DDR4,1080p,Yes,29%,General / Low
BUILD_1227,AMD Ryzen 7 5700X,NVIDIA RTX 5080,ASRock B550M Pro4,16GB DDR4,4K,Yes,36%,GPU Bottleneck
BUILD_1228,AMD Ryzen 5 5600X,NVIDIA RTX 5070,ASUS Prime X570-Pro,32GB DDR4,8K,Yes,27%,General / Low
BUILD_1229,AMD Ryzen 5 5500,NVIDIA RTX 4090,ASRock B550M Pro4,32GB DDR4,8K,Yes,61%,GPU Bottleneck
BUILD_1230,AMD Ryzen 5 3600,NVIDIA RTX 4080 Super,MSI MAG B550 Tomahawk,32GB DDR4,1440p,Yes,15%,CPU Bottleneck
BUILD_1231,Intel Core i9-14900K,NVIDIA RTX 4070 Ti Super,ASRock B760M,64GB DDR5,1440p,Yes,44%,GPU Bottleneck
BUILD_1232,Intel Core i7-14700K,NVIDIA RTX 4070 Super,MSI PRO Z790-A WiFi,32GB DDR5,1440p,Yes,36%,General / Low
BUILD_1233,Intel Core i5-14600K,NVIDIA RTX 4060 Ti,ASRock B760M,96GB DDR5,1080p,Yes,16%,GPU Bottleneck
BUILD_1234,Intel Core i3-14100,NVIDIA RTX 4060,GIGABYTE Z790 AORUS Elite,64GB DDR5,4K,Yes,6%,GPU Bottleneck
BUILD_1235,Intel Core i9-13900K,NVIDIA RTX 3090 Ti,GIGABYTE Z790 AORUS Elite,32GB DDR5,1440p,Yes,20%,GPU Bottleneck
BUILD_1236,Intel Core i7-13700K,NVIDIA RTX 3080,MSI PRO Z790-A WiFi,64GB DDR5,8K,Yes,13%,CPU Bottleneck
BUILD_1237,Intel Core i5-13400F,NVIDIA RTX 3070,MSI PRO Z790-A WiFi,64GB DDR5,4K,Yes,38%,GPU Bottleneck
BUILD_1238,Intel Core i3-13100F,NVIDIA RTX 3060 Ti,ASUS Prime Z490-A,16GB DDR4,8K,Yes,59%,CPU Bottleneck
BUILD_1239,Intel Core i9-12900K,NVIDIA RTX 3060,MSI PRO Z790-A WiFi,64GB DDR5,1440p,Yes,6%,GPU Bottleneck
BUILD_1240,Intel Core i7-12700K,NVIDIA GTX 1660 Super,ASRock B760M,96GB DDR5,4K,Yes,43%,General / Low
BUILD_1241,Intel Core i5-12400F,AMD Radeon RX 7900 XTX,ASUS ROG Strix Z790,96GB DDR5,1080p,Yes,30%,GPU Bottleneck
BUILD_1242,Intel Core i3-12100,AMD Radeon RX 7900 XT,GIGABYTE Z790 AORUS Elite,32GB DDR5,4K,Yes,55%,General / Low
BUILD_1243,Intel Core Ultra 9 285K,AMD Radeon RX 7800 XT,MSI Z890 Tomahawk,64GB DDR5,1440p,Yes,64%,CPU Bottleneck
BUILD_1244,Intel Core Ultra 7 265K,AMD Radeon RX 7700 XT,MSI Z890 Tomahawk,64GB DDR5,1080p,Yes,35%,CPU Bottleneck
BUILD_1245,Intel Core Ultra 5 245K,AMD Radeon RX 7600 XT,MSI Z890 Tomahawk,96GB DDR5,4K,Yes,56%,CPU Bottleneck
BUILD_1246,AMD Ryzen 9 9950X,AMD Radeon RX 6950 XT,MSI MPG X670E Carbon,64GB DDR5,1440p,Yes,11%,CPU Bottleneck
BUILD_1247,AMD Ryzen 9 9900X,AMD Radeon RX 6800 XT,MSI MAG B650 Tomahawk,64GB DDR5,1440p,Yes,24%,CPU Bottleneck
BUILD_1248,AMD Ryzen 7 9700X,AMD Radeon RX 6700 XT,MSI MAG B650 Tomahawk,16GB DDR5,8K,Yes,11%,GPU Bottleneck
BUILD_1249,AMD Ryzen 5 9600X,AMD Radeon RX 6600,ASUS TUF Gaming B650-Plus,64GB DDR5,4K,Yes,67%,GPU Bottleneck
BUILD_1250,AMD Ryzen 7 7800X3D,AMD Radeon RX 5700 XT,MSI MPG X670E Carbon,32GB DDR5,8K,Yes,38%,GPU Bottleneck
BUILD_1251,AMD Ryzen 9 7950X3D,NVIDIA RTX 5090,ASUS TUF Gaming B650-Plus,32GB DDR5,1440p,Yes,34%,General / Low
BUILD_1252,AMD Ryzen 9 7900X,NVIDIA RTX 5080,GIGABYTE X670E AORUS Master,96GB DDR5,4K,Yes,43%,CPU Bottleneck
BUILD_1253,AMD Ryzen 7 7700X,NVIDIA RTX 5070,ASUS TUF Gaming B650-Plus,16GB DDR5,1080p,Yes,3%,GPU Bottleneck
BUILD_1254,AMD Ryzen 5 7600X,NVIDIA RTX 4090,ASUS ROG Crosshair X670E,32GB DDR5,1440p,Yes,35%,General / Low
BUILD_1255,AMD Ryzen 7 5800X3D,NVIDIA RTX 4080 Super,GIGABYTE B550 AORUS Elite,32GB DDR4,1440p,Yes,18%,General / Low
BUILD_1256,AMD Ryzen 9 5900X,NVIDIA RTX 4070 Ti Super,MSI MAG B550 Tomahawk,16GB DDR4,1080p,Yes,49%,General / Low
BUILD_1257,AMD Ryzen 7 5700X,NVIDIA RTX 4070 Super,MSI MAG B550 Tomahawk,32GB DDR4,4K,Yes,37%,CPU Bottleneck
BUILD_1258,AMD Ryzen 5 5600X,NVIDIA RTX 4060 Ti,GIGABYTE B550 AORUS Elite,16GB DDR4,1080p,Yes,52%,GPU Bottleneck
BUILD_1259,AMD Ryzen 5 5500,NVIDIA RTX 4060,ASRock B550M Pro4,16GB DDR4,4K,Yes,65%,CPU Bottleneck
BUILD_1260,AMD Ryzen 5 3600,NVIDIA RTX 3090 Ti,GIGABYTE B550 AORUS Elite,16GB DDR4,1080p,Yes,50%,GPU Bottleneck
BUILD_1261,Intel Core i9-14900K,NVIDIA RTX 3080,ASRock B760M,96GB DDR5,4K,Yes,63%,General / Low
BUILD_1262,Intel Core i7-14700K,NVIDIA RTX 3070,ASRock B760M,96GB DDR5,8K,Yes,54%,CPU Bottleneck
BUILD_1263,Intel Core i5-14600K,NVIDIA RTX 3060 Ti,ASRock B760M,64GB DDR5,8K,Yes,28%,General / Low
BUILD_1264,Intel Core i3-14100,NVIDIA RTX 3060,ASUS ROG Strix Z790,16GB DDR5,4K,Yes,21%,CPU Bottleneck
BUILD_1265,Intel Core i9-13900K,NVIDIA GTX 1660 Super,ASUS ROG Strix Z790,64GB DDR5,8K,Yes,57%,General / Low
BUILD_1266,Intel Core i7-13700K,AMD Radeon RX 7900 XTX,ASUS Prime Z490-A,16GB DDR4,4K,Yes,34%,General / Low
BUILD_1267,Intel Core i5-13400F,AMD Radeon RX 7900 XT,ASUS ROG Strix Z790,64GB DDR5,1440p,Yes,19%,GPU Bottleneck
BUILD_1268,Intel Core i3-13100F,AMD Radeon RX 7800 XT,ASUS Prime Z490-A,32GB DDR4,1440p,Yes,28%,General / Low
BUILD_1269,Intel Core i9-12900K,AMD Radeon RX 7700 XT,ASRock B760M,96GB DDR5,1080p,Yes,62%,General / Low
BUILD_1270,Intel Core i7-12700K,AMD Radeon RX 7600 XT,MSI PRO Z790-A WiFi,32GB DDR5,8K,Yes,14%,CPU Bottleneck
BUILD_1271,Intel Core i5-12400F,AMD Radeon RX 6950 XT,ASRock B760M,64GB DDR5,1440p,Yes,37%,GPU Bottleneck
BUILD_1272,Intel Core i3-12100,AMD Radeon RX 6800 XT,MSI PRO Z790-A WiFi,64GB DDR5,4K,Yes,25%,General / Low
BUILD_1273,Intel Core Ultra 9 285K,AMD Radeon RX 6700 XT,MSI Z890 Tomahawk,64GB DDR5,1440p,Yes,23%,General / Low
BUILD_1274,Intel Core Ultra 7 265K,AMD Radeon RX 6600,MSI Z890 Tomahawk,96GB DDR5,1080p,Yes,19%,General / Low
BUILD_1275,Intel Core Ultra 5 245K,AMD Radeon RX 5700 XT,MSI Z890 Tomahawk,64GB DDR5,1440p,Yes,50%,GPU Bottleneck
BUILD_1276,AMD Ryzen 9 9950X,NVIDIA RTX 5090,ASUS TUF Gaming B650-Plus,96GB DDR5,8K,Yes,55%,General / Low
BUILD_1277,AMD Ryzen 9 9900X,NVIDIA RTX 5080,ASRock X670E Taichi,32GB DDR5,1080p,Yes,48%,GPU Bottleneck
BUILD_1278,AMD Ryzen 7 9700X,NVIDIA RTX 5070,ASUS ROG Crosshair X670E,96GB DDR5,1440p,Yes,60%,CPU Bottleneck
BUILD_1279,AMD Ryzen 5 9600X,NVIDIA RTX 4090,MSI MPG X670E Carbon,64GB DDR5,8K,Yes,39%,GPU Bottleneck
BUILD_1280,AMD Ryzen 7 7800X3D,NVIDIA RTX 4080 Super,MSI MAG B650 Tomahawk,32GB DDR5,1440p,Yes,35%,General / Low
BUILD_1281,AMD Ryzen 9 7950X3D,NVIDIA RTX 4070 Ti Super,ASRock X670E Taichi,32GB DDR5,1080p,Yes,38%,GPU Bottleneck
BUILD_1282,AMD Ryzen 9 7900X,NVIDIA RTX 4070 Super,ASUS TUF Gaming B650-Plus,64GB DDR5,1440p,Yes,38%,GPU Bottleneck
BUILD_1283,AMD Ryzen 7 7700X,NVIDIA RTX 4060 Ti,ASUS ROG Crosshair X670E,32GB DDR5,4K,Yes,20%,GPU Bottleneck
BUILD_1284,AMD Ryzen 5 7600X,NVIDIA RTX 4060,GIGABYTE X670E AORUS Master,96GB DDR5,4K,Yes,10%,CPU Bottleneck
BUILD_1285,AMD Ryzen 7 5800X3D,NVIDIA RTX 3090 Ti,GIGABYTE B550 AORUS Elite,16GB DDR4,1080p,Yes,6%,General / Low
BUILD_1286,AMD Ryzen 9 5900X,NVIDIA RTX 3080,MSI MAG B550 Tomahawk,16GB DDR4,1080p,Yes,26%,GPU Bottleneck
BUILD_1287,AMD Ryzen 7 5700X,NVIDIA RTX 3070,ASUS Prime X570-Pro,32GB DDR4,8K,Yes,39%,GPU Bottleneck
BUILD_1288,AMD Ryzen 5 5600X,NVIDIA RTX 3060 Ti,MSI MAG B550 Tomahawk,32GB DDR4,1440p,Yes,11%,CPU Bottleneck
BUILD_1289,AMD Ryzen 5 5500,NVIDIA RTX 3060,ASRock B550M Pro4,16GB DDR4,4K,Yes,38%,CPU Bottleneck
BUILD_1290,AMD Ryzen 5 3600,NVIDIA GTX 1660 Super,ASRock B550M Pro4,16GB DDR4,8K,Yes,43%,GPU Bottleneck
BUILD_1291,Intel Core i9-14900K,AMD Radeon RX 7900 XTX,ASUS Prime Z490-A,16GB DDR4,1080p,Yes,15%,GPU Bottleneck
BUILD_1292,Intel Core i7-14700K,AMD Radeon RX 7900 XT,MSI PRO Z790-A WiFi,64GB DDR5,1440p,Yes,52%,CPU Bottleneck
BUILD_1293,Intel Core i5-14600K,AMD Radeon RX 7800 XT,GIGABYTE Z790 AORUS Elite,16GB DDR5,1440p,Yes,30%,CPU Bottleneck
BUILD_1294,Intel Core i3-14100,AMD Radeon RX 7700 XT,ASUS ROG Strix Z790,16GB DDR5,8K,Yes,18%,General / Low
BUILD_1295,Intel Core i9-13900K,AMD Radeon RX 7600 XT,GIGABYTE Z790 AORUS Elite,96GB DDR5,8K,Yes,68%,General / Low
BUILD_1296,Intel Core i7-13700K,AMD Radeon RX 6950 XT,ASUS ROG Strix Z790,64GB DDR5,8K,Yes,59%,CPU Bottleneck
BUILD_1297,Intel Core i5-13400F,AMD Radeon RX 6800 XT,ASUS Prime Z490-A,16GB DDR4,1080p,Yes,28%,CPU Bottleneck
BUILD_1298,Intel Core i3-13100F,AMD Radeon RX 6700 XT,ASUS ROG Strix Z790,96GB DDR5,1080p,Yes,57%,GPU Bottleneck
BUILD_1299,Intel Core i9-12900K,AMD Radeon RX 6600,ASUS Prime Z490-A,32GB DDR4,1440p,Yes,38%,GPU Bottleneck
BUILD_1300,Intel Core i7-12700K,AMD Radeon RX 5700 XT,ASRock B760M,64GB DDR5,1440p,Yes,26%,GPU Bottleneck
BUILD_1301,Intel Core i5-12400F,NVIDIA RTX 5090,GIGABYTE Z790 AORUS Elite,96GB DDR5,1080p,Yes,65%,General / Low
BUILD_1302,Intel Core i3-12100,NVIDIA RTX 5080,GIGABYTE Z790 AORUS Elite,64GB DDR5,1440p,Yes,54%,GPU Bottleneck
BUILD_1303,Intel Core Ultra 9 285K,NVIDIA RTX 5070,MSI Z890 Tomahawk,96GB DDR5,4K,Yes,21%,CPU Bottleneck
BUILD_1304,Intel Core Ultra 7 265K,NVIDIA RTX 4090,MSI Z890 Tomahawk,32GB DDR5,4K,Yes,20%,GPU Bottleneck
BUILD_1305,Intel Core Ultra 5 245K,NVIDIA RTX 4080 Super,MSI Z890 Tomahawk,96GB DDR5,8K,Yes,54%,CPU Bottleneck
BUILD_1306,AMD Ryzen 9 9950X,NVIDIA RTX 4070 Ti Super,GIGABYTE X670E AORUS Master,96GB DDR5,4K,Yes,14%,CPU Bottleneck
BUILD_1307,AMD Ryzen 9 9900X,NVIDIA RTX 4070 Super,ASRock X670E Taichi,32GB DDR5,4K,Yes,44%,General / Low
BUILD_1308,AMD Ryzen 7 9700X,NVIDIA RTX 4060 Ti,GIGABYTE X670E AORUS Master,96GB DDR5,1080p,Yes,40%,GPU Bottleneck
BUILD_1309,AMD Ryzen 5 9600X,NVIDIA RTX 4060,MSI MAG B650 Tomahawk,32GB DDR5,1440p,Yes,15%,CPU Bottleneck
BUILD_1310,AMD Ryzen 7 7800X3D,NVIDIA RTX 3090 Ti,GIGABYTE X670E AORUS Master,64GB DDR5,4K,Yes,60%,CPU Bottleneck
BUILD_1311,AMD Ryzen 9 7950X3D,NVIDIA RTX 3080,MSI MPG X670E Carbon,64GB DDR5,8K,Yes,43%,CPU Bottleneck
BUILD_1312,AMD Ryzen 9 7900X,NVIDIA RTX 3070,ASUS TUF Gaming B650-Plus,96GB DDR5,4K,Yes,32%,GPU Bottleneck
BUILD_1313,AMD Ryzen 7 7700X,NVIDIA RTX 3060 Ti,ASUS ROG Crosshair X670E,16GB DDR5,1440p,Yes,36%,General / Low
BUILD_1314,AMD Ryzen 5 7600X,NVIDIA RTX 3060,MSI MPG X670E Carbon,96GB DDR5,4K,Yes,36%,General / Low
BUILD_1315,AMD Ryzen 7 5800X3D,NVIDIA GTX 1660 Super,ASRock B550M Pro4,16GB DDR4,1080p,Yes,4%,General / Low
BUILD_1316,AMD Ryzen 9 5900X,AMD Radeon RX 7900 XTX,ASUS Prime X570-Pro,16GB DDR4,4K,Yes,33%,GPU Bottleneck
BUILD_1317,AMD Ryzen 7 5700X,AMD Radeon RX 7900 XT,MSI MAG B550 Tomahawk,32GB DDR4,1440p,Yes,49%,CPU Bottleneck
BUILD_1318,AMD Ryzen 5 5600X,AMD Radeon RX 7800 XT,MSI MAG B550 Tomahawk,16GB DDR4,8K,Yes,28%,GPU Bottleneck
BUILD_1319,AMD Ryzen 5 5500,AMD Radeon RX 7700 XT,ASUS Prime X570-Pro,32GB DDR4,8K,Yes,37%,GPU Bottleneck
BUILD_1320,AMD Ryzen 5 3600,AMD Radeon RX 7600 XT,GIGABYTE B550 AORUS Elite,32GB DDR4,1440p,Yes,21%,GPU Bottleneck
BUILD_1321,Intel Core i9-14900K,AMD Radeon RX 6950 XT,ASRock B760M,96GB DDR5,1440p,Yes,39%,CPU Bottleneck
BUILD_1322,Intel Core i7-14700K,AMD Radeon RX 6800 XT,ASUS Prime Z490-A,32GB DDR4,1440p,Yes,16%,General / Low
BUILD_1323,Intel Core i5-14600K,AMD Radeon RX 6700 XT,MSI PRO Z790-A WiFi,64GB DDR5,1080p,Yes,37%,General / Low
BUILD_1324,Intel Core i3-14100,AMD Radeon RX 6600,ASUS ROG Strix Z790,64GB DDR5,4K,Yes,65%,GPU Bottleneck
BUILD_1325,Intel Core i9-13900K,AMD Radeon RX 5700 XT,ASRock B760M,96GB DDR5,4K,Yes,22%,CPU Bottleneck
BUILD_1326,Intel Core i7-13700K,NVIDIA RTX 5090,ASUS Prime Z490-A,16GB DDR4,4K,Yes,50%,GPU Bottleneck
BUILD_1327,Intel Core i5-13400F,NVIDIA RTX 5080,ASUS ROG Strix Z790,64GB DDR5,8K,Yes,33%,GPU Bottleneck
BUILD_1328,Intel Core i3-13100F,NVIDIA RTX 5070,ASUS ROG Strix Z790,64GB DDR5,1440p,Yes,20%,GPU Bottleneck
BUILD_1329,Intel Core i9-12900K,NVIDIA RTX 4090,ASUS Prime Z490-A,32GB DDR4,1440p,Yes,43%,CPU Bottleneck
BUILD_1330,Intel Core i7-12700K,NVIDIA RTX 4080 Super,ASRock B760M,32GB DDR5,1440p,Yes,45%,GPU Bottleneck
BUILD_1331,Intel Core i5-12400F,NVIDIA RTX 4070 Ti Super,ASRock B760M,96GB DDR5,4K,Yes,65%,General / Low
BUILD_1332,Intel Core i3-12100,NVIDIA RTX 4070 Super,MSI PRO Z790-A WiFi,96GB DDR5,8K,Yes,33%,General / Low
BUILD_1333,Intel Core Ultra 9 285K,NVIDIA RTX 4060 Ti,MSI Z890 Tomahawk,32GB DDR5,1440p,Yes,27%,General / Low
BUILD_1334,Intel Core Ultra 7 265K,NVIDIA RTX 4060,MSI Z890 Tomahawk,64GB DDR5,4K,Yes,43%,GPU Bottleneck
BUILD_1335,Intel Core Ultra 5 245K,NVIDIA RTX 3090 Ti,MSI Z890 Tomahawk,32GB DDR5,1440p,Yes,17%,General / Low
BUILD_1336,AMD Ryzen 9 9950X,NVIDIA RTX 3080,ASUS ROG Crosshair X670E,16GB DDR5,4K,Yes,43%,GPU Bottleneck
BUILD_1337,AMD Ryzen 9 9900X,NVIDIA RTX 3070,ASUS TUF Gaming B650-Plus,96GB DDR5,8K,Yes,32%,CPU Bottleneck
BUILD_1338,AMD Ryzen 7 7800X3D,NVIDIA RTX 4090,MSI MAG B650 Tomahawk,32GB DDR5,4K,Yes,4%,General / Low
BUILD_1339,Intel Core i3-12100F,NVIDIA RTX 4090,ASUS ROG Strix Z790,16GB DDR4,1080p,Yes,55%,CPU Bottleneck
BUILD_1340,AMD Ryzen 5 5600X,AMD Radeon RX 7700 XT,ASUS Prime Z490-A,8GB DDR4,1440p,No,21%,GPU Bottleneck
BUILD_1341,Intel Core i9-14900K,NVIDIA GTX 1660 Super,ASRock B760M,64GB DDR5,4K,Yes,62%,GPU Bottleneck
BUILD_1342,AMD Ryzen 5 7600X,NVIDIA RTX 4070 Ti,MSI MAG B650 Tomahawk,16GB DDR5,1440p,Yes,8%,General / Low
BUILD_1343,Intel Core i7-10700K,AMD Radeon RX 6600,Gigabyte B550 AORUS Elite,16GB DDR4,1080p,No,12%,General / Low
BUILD_1344,AMD Ryzen 7 3700X,NVIDIA RTX 3060,Gigabyte B550 AORUS Elite,32GB DDR4,1440p,Yes,9%,General / Low
BUILD_1345,Intel Core i5-13600K,AMD Radeon RX 7900 XTX,ASUS ROG Strix Z790,32GB DDR5,1440p,Yes,17%,CPU Bottleneck
BUILD_1346,AMD Ryzen 7 7800X3D,NVIDIA GTX 1660 Super,MSI MAG B650 Tomahawk,16GB DDR5,4K,Yes,59%,GPU Bottleneck
BUILD_1347,Intel Core i3-12100F,AMD Radeon RX 7700 XT,ASRock B760M,8GB DDR4,1080p,Yes,26%,CPU Bottleneck
BUILD_1348,AMD Ryzen 5 5600X,NVIDIA RTX 4090,Gigabyte B550 AORUS Elite,32GB DDR4,1080p,Yes,48%,CPU Bottleneck
BUILD_1349,Intel Core i9-14900K,NVIDIA RTX 4070 Ti,ASUS ROG Strix Z790,32GB DDR5,1440p,Yes,13%,CPU Bottleneck
BUILD_1350,AMD Ryzen 5 7600X,AMD Radeon RX 6600,MSI MAG B650 Tomahawk,16GB DDR5,1080p,Yes,22%,CPU Bottleneck
BUILD_1351,Intel Core i7-10700K,NVIDIA RTX 3060,ASUS Prime Z490-A,16GB DDR4,1440p,Yes,11%,General / Low
BUILD_1352,AMD Ryzen 7 3700X,AMD Radeon RX 7900 XTX,Gigabyte B550 AORUS Elite,32GB DDR4,4K,Yes,43%,GPU Bottleneck
BUILD_1353,Intel Core i5-13600K,NVIDIA GTX 1660 Super,ASRock B760M,16GB DDR4,1080p,Yes,30%,GPU Bottleneck
BUILD_1354,AMD Ryzen 7 7800X3D,AMD Radeon RX 7700 XT,MSI MAG B650 Tomahawk,32GB DDR5,1440p,Yes,18%,CPU Bottleneck
BUILD_1355,Intel Core i3-12100F,NVIDIA RTX 4070 Ti,ASUS ROG Strix Z790,8GB DDR4,1080p,Yes,32%,CPU Bottleneck
BUILD_1356,AMD Ryzen 5 5600X,AMD Radeon RX 6600,Gigabyte B550 AORUS Elite,16GB DDR4,1080p,Yes,7%,General / Low
BUILD_1357,Intel Core i9-14900K,NVIDIA RTX 3060,ASRock B760M,64GB DDR5,1440p,Yes,25%,GPU Bottleneck
BUILD_1358,AMD Ryzen 5 7600X,AMD Radeon RX 7900 XTX,MSI MAG B650 Tomahawk,32GB DDR5,4K,Yes,23%,GPU Bottleneck
BUILD_1359,Intel Core i7-10700K,NVIDIA GTX 1660 Super,ASUS Prime Z490-A,16GB DDR4,1080p,Yes,6%,General / Low
BUILD_1360,AMD Ryzen 7 3700X,NVIDIA RTX 4090,Gigabyte B550 AORUS Elite,32GB DDR4,1080p,Yes,53%,CPU Bottleneck
BUILD_1361,Intel Core i5-13600K,AMD Radeon RX 7700 XT,ASRock B760M,16GB DDR5,1440p,Yes,6%,General / Low
BUILD_1362,AMD Ryzen 7 7800X3D,NVIDIA RTX 4070 Ti,MSI MAG B650 Tomahawk,32GB DDR5,1440p,Yes,15%,CPU Bottleneck
BUILD_1363,Intel Core i3-12100F,AMD Radeon RX 6600,ASUS ROG Strix Z790,16GB DDR4,1080p,Yes,12%,General / Low
BUILD_1364,AMD Ryzen 5 5600X,NVIDIA RTX 3060,Gigabyte B550 AORUS Elite,16GB DDR4,1440p,Yes,9%,General / Low
BUILD_1365,Intel Core i9-14900K,AMD Radeon RX 7900 XTX,ASRock B760M,32GB DDR5,4K,Yes,5%,General / Low
BUILD_1366,AMD Ryzen 5 7600X,NVIDIA GTX 1660 Super,MSI MAG B650 Tomahawk,16GB DDR5,1080p,Yes,25%,GPU Bottleneck
BUILD_1367,Intel Core i7-10700K,NVIDIA RTX 4090,ASUS Prime Z490-A,32GB DDR4,1080p,Yes,46%,CPU Bottleneck
BUILD_1368,AMD Ryzen 7 3700X,AMD Radeon RX 7700 XT,Gigabyte B550 AORUS Elite,16GB DDR4,1440p,Yes,19%,CPU Bottleneck
BUILD_1369,Intel Core i5-13600K,NVIDIA RTX 4070 Ti,ASRock B760M,32GB DDR5,1440p,Yes,8%,General / Low
BUILD_1370,AMD Ryzen 7 7800X3D,AMD Radeon RX 6600,MSI MAG B650 Tomahawk,32GB DDR5,1080p,Yes,27%,CPU Bottleneck
BUILD_1371,Intel Core i3-12100F,NVIDIA RTX 3060,ASUS ROG Strix Z790,16GB DDR4,1440p,Yes,14%,GPU Bottleneck
BUILD_1372,AMD Ryzen 5 5600X,AMD Radeon RX 7900 XTX,Gigabyte B550 AORUS Elite,16GB DDR4,4K,Yes,42%,GPU Bottleneck
BUILD_1373,Intel Core i9-14900K,NVIDIA GTX 1660 Super,ASRock B760M,32GB DDR5,1080p,Yes,34%,GPU Bottleneck
BUILD_1374,AMD Ryzen 5 7600X,NVIDIA RTX 4090,MSI MAG B650 Tomahawk,32GB DDR5,1080p,Yes,30%,CPU Bottleneck
BUILD_1375,Intel Core i7-10700K,AMD Radeon RX 7700 XT,ASUS Prime Z490-A,16GB DDR4,1440p,Yes,13%,CPU Bottleneck
BUILD_1376,AMD Ryzen 7 3700X,NVIDIA RTX 4070 Ti,Gigabyte B550 AORUS Elite,32GB DDR4,1440p,Yes,24%,CPU Bottleneck
BUILD_1377,Intel Core i5-13600K,AMD Radeon RX 6600,ASRock B760M,16GB DDR5,1080p,Yes,18%,CPU Bottleneck
BUILD_1378,AMD Ryzen 7 7800X3D,NVIDIA RTX 3060,MSI MAG B650 Tomahawk,32GB DDR5,1440p,Yes,21%,GPU Bottleneck
BUILD_1379,Intel Core i3-12100F,AMD Radeon RX 7900 XTX,ASUS ROG Strix Z790,16GB DDR4,4K,Yes,54%,GPU Bottleneck
BUILD_1380,AMD Ryzen 5 5600X,NVIDIA GTX 1660 Super,Gigabyte B550 AORUS Elite,16GB DDR4,1080p,Yes,13%,General / Low
BUILD_1381,Intel Core i9-14900K,NVIDIA RTX 4090,ASUS ROG Strix Z790,64GB DDR5,4K,Yes,4%,General / Low
BUILD_1382,AMD Ryzen 5 7600X,AMD Radeon RX 7700 XT,MSI MAG B650 Tomahawk,16GB DDR5,1440p,Yes,7%,General / Low
BUILD_1383,Intel Core i7-10700K,NVIDIA RTX 4070 Ti,ASUS Prime Z490-A,32GB DDR4,1440p,Yes,22%,CPU Bottleneck
BUILD_1384,AMD Ryzen 7 3700X,AMD Radeon RX 6600,Gigabyte B550 AORUS Elite,16GB DDR4,1080p,Yes,4%,General / Low
BUILD_1385,Intel Core i5-13600K,NVIDIA RTX 3060,ASRock B760M,32GB DDR5,1440p,Yes,16%,GPU Bottleneck
BUILD_1386,AMD Ryzen 7 7800X3D,AMD Radeon RX 7900 XTX,MSI MAG B650 Tomahawk,32GB DDR5,4K,Yes,6%,General / Low
BUILD_1387,Intel Core i3-12100F,NVIDIA GTX 1660 Super,ASUS ROG Strix Z790,8GB DDR4,1080p,Yes,8%,General / Low
BUILD_1388,AMD Ryzen 5 5600X,NVIDIA RTX 4090,ASUS Prime Z490-A,16GB DDR4,1080p,No,41%,CPU Bottleneck
BUILD_1389,Intel Core i9-14900K,AMD Radeon RX 7700 XT,ASRock B760M,32GB DDR5,1440p,Yes,23%,GPU Bottleneck
BUILD_1390,AMD Ryzen 5 7600X,NVIDIA RTX 4070 Ti,MSI MAG B650 Tomahawk,16GB DDR5,1440p,Yes,12%,General / Low
BUILD_1391,Intel Core i7-10700K,AMD Radeon RX 6600,ASUS Prime Z490-A,16GB DDR4,1080p,Yes,9%,General / Low
BUILD_1392,AMD Ryzen 7 3700X,NVIDIA RTX 3060,Gigabyte B550 AORUS Elite,32GB DDR4,1440p,Yes,12%,General / Low
BUILD_1393,Intel Core i5-13600K,AMD Radeon RX 7900 XTX,ASRock B760M,32GB DDR5,1440p,Yes,14%,CPU Bottleneck
BUILD_1394,AMD Ryzen 7 7800X3D,NVIDIA GTX 1660 Super,MSI MAG B650 Tomahawk,16GB DDR5,4K,Yes,47%,GPU Bottleneck
BUILD_1395,Intel Core i3-12100F,AMD Radeon RX 7700 XT,ASUS ROG Strix Z790,8GB DDR4,1080p,Yes,34%,CPU Bottleneck
BUILD_1396,AMD Ryzen 5 5600X,NVIDIA RTX 4090,Gigabyte B550 AORUS Elite,32GB DDR4,1080p,Yes,50%,CPU Bottleneck
BUILD_1397,Intel Core i9-14900K,NVIDIA RTX 4070 Ti,ASUS ROG Strix Z790,32GB DDR5,1440p,Yes,5%,General / Low
BUILD_1398,AMD Ryzen 5 7600X,AMD Radeon RX 6600,MSI MAG B650 Tomahawk,16GB DDR5,1080p,Yes,20%,CPU Bottleneck
BUILD_1399,Intel Core i7-10700K,NVIDIA RTX 3060,ASUS Prime Z490-A,16GB DDR4,1440p,Yes,11%,General / Low
BUILD_1400,AMD Ryzen 7 3700X,AMD Radeon RX 7900 XTX,Gigabyte B550 AORUS Elite,32GB DDR4,4K,Yes,45%,GPU Bottleneck
BUILD_1401,Intel Core i5-13600K,NVIDIA GTX 1660 Super,ASRock B760M,16GB DDR4,1080p,Yes,28%,GPU Bottleneck
BUILD_1402,AMD Ryzen 7 7800X3D,AMD Radeon RX 7700 XT,MSI MAG B650 Tomahawk,32GB DDR5,1440p,Yes,20%,CPU Bottleneck
BUILD_1403,Intel Core i3-12100F,NVIDIA RTX 4070 Ti,ASUS ROG Strix Z790,8GB DDR4,1080p,Yes,30%,CPU Bottleneck
BUILD_1404,AMD Ryzen 5 5600X,AMD Radeon RX 6600,Gigabyte B550 AORUS Elite,16GB DDR4,1080p,Yes,5%,General / Low
BUILD_1405,Intel Core i9-14900K,NVIDIA RTX 3060,ASRock B760M,64GB DDR5,1440p,Yes,27%,GPU Bottleneck
BUILD_1406,AMD Ryzen 5 7600X,AMD Radeon RX 7900 XTX,MSI MAG B650 Tomahawk,32GB DDR5,4K,Yes,21%,GPU Bottleneck
BUILD_1407,Intel Core i7-10700K,NVIDIA GTX 1660 Super,ASUS Prime Z490-A,16GB DDR4,1080p,Yes,8%,General / Low
BUILD_1408,AMD Ryzen 7 3700X,NVIDIA RTX 4090,Gigabyte B550 AORUS Elite,32GB DDR4,1080p,Yes,51%,CPU Bottleneck
BUILD_1409,Intel Core i5-13600K,AMD Radeon RX 7700 XT,ASRock B760M,16GB DDR5,1440p,Yes,4%,General / Low
BUILD_1410,AMD Ryzen 7 7800X3D,NVIDIA RTX 4070 Ti,MSI MAG B650 Tomahawk,32GB DDR5,1440p,Yes,17%,CPU Bottleneck
BUILD_1411,Intel Core i3-12100F,AMD Radeon RX 6600,ASUS ROG Strix Z790,16GB DDR4,1080p,Yes,10%,General / Low
BUILD_1412,AMD Ryzen 5 5600X,NVIDIA RTX 3060,Gigabyte B550 AORUS Elite,16GB DDR4,1440p,Yes,11%,General / Low
BUILD_1413,Intel Core i9-14900K,AMD Radeon RX 7900 XTX,ASRock B760M,32GB DDR5,4K,Yes,3%,General / Low
BUILD_1414,AMD Ryzen 5 7600X,NVIDIA GTX 1660 Super,MSI MAG B650 Tomahawk,16GB DDR5,1080p,Yes,23%,GPU Bottleneck
BUILD_1415,Intel Core i7-10700K,NVIDIA RTX 4090,ASUS Prime Z490-A,32GB DDR4,1080p,Yes,48%,CPU Bottleneck
BUILD_1416,AMD Ryzen 7 3700X,AMD Radeon RX 7700 XT,Gigabyte B550 AORUS Elite,16GB DDR4,1440p,Yes,17%,CPU Bottleneck
BUILD_1417,Intel Core i5-13600K,NVIDIA RTX 4070 Ti,ASRock B760M,32GB DDR5,1440p,Yes,6%,General / Low
BUILD_1418,AMD Ryzen 7 7800X3D,AMD Radeon RX 6600,MSI MAG B650 Tomahawk,32GB DDR5,1080p,Yes,29%,CPU Bottleneck
BUILD_1419,Intel Core i3-12100F,NVIDIA RTX 3060,ASUS ROG Strix Z790,16GB DDR4,1440p,Yes,16%,GPU Bottleneck
BUILD_1420,AMD Ryzen 5 5600X,AMD Radeon RX 7900 XTX,Gigabyte B550 AORUS Elite,16GB DDR4,4K,Yes,40%,GPU Bottleneck
BUILD_1421,Intel Core i9-14900K,NVIDIA GTX 1660 Super,ASRock B760M,32GB DDR5,1080p,Yes,32%,GPU Bottleneck
BUILD_1422,AMD Ryzen 5 7600X,NVIDIA RTX 4090,MSI MAG B650 Tomahawk,32GB DDR5,1080p,Yes,28%,CPU Bottleneck
BUILD_1423,Intel Core i7-10700K,AMD Radeon RX 7700 XT,ASUS Prime Z490-A,16GB DDR4,1440p,Yes,15%,CPU Bottleneck
BUILD_1424,AMD Ryzen 7 3700X,NVIDIA RTX 4070 Ti,Gigabyte B550 AORUS Elite,32GB DDR4,1440p,Yes,26%,CPU Bottleneck
BUILD_1425,Intel Core i5-13600K,AMD Radeon RX 6600,ASRock B760M,16GB DDR5,1080p,Yes,20%,CPU Bottleneck
BUILD_1426,AMD Ryzen 7 7800X3D,NVIDIA RTX 3060,MSI MAG B650 Tomahawk,32GB DDR5,1440p,Yes,23%,GPU Bottleneck
BUILD_1427,Intel Core i3-12100F,AMD Radeon RX 7900 XTX,ASUS ROG Strix Z790,16GB DDR4,4K,Yes,56%,GPU Bottleneck
BUILD_1428,AMD Ryzen 5 5600X,NVIDIA GTX 1660 Super,Gigabyte B550 AORUS Elite,16GB DDR4,1080p,Yes,11%,General / Low
BUILD_1429,Intel Core i9-14900K,NVIDIA RTX 4090,ASUS ROG Strix Z790,64GB DDR5,4K,Yes,2%,General / Low
BUILD_1430,AMD Ryzen 5 7600X,AMD Radeon RX 7700 XT,MSI MAG B650 Tomahawk,16GB DDR5,1440p,Yes,5%,General / Low
BUILD_1431,Intel Core i7-10700K,NVIDIA RTX 4070 Ti,ASUS Prime Z490-A,32GB DDR4,1440p,Yes,20%,CPU Bottleneck
BUILD_1432,AMD Ryzen 7 3700X,AMD Radeon RX 6600,Gigabyte B550 AORUS Elite,16GB DDR4,1080p,Yes,6%,General / Low
BUILD_1433,Intel Core i5-13600K,NVIDIA RTX 3060,ASRock B760M,32GB DDR5,1440p,Yes,18%,GPU Bottleneck
BUILD_1434,AMD Ryzen 7 7800X3D,AMD Radeon RX 7900 XTX,MSI MAG B650 Tomahawk,32GB DDR5,4K,Yes,8%,General / Low
BUILD_1435,Intel Core i3-12100F,NVIDIA GTX 1660 Super,ASUS ROG Strix Z790,8GB DDR4,1080p,Yes,10%,General / Low
BUILD_1436,AMD Ryzen 5 5600X,NVIDIA RTX 4090,ASUS Prime Z490-A,16GB DDR4,1080p,No,43%,CPU Bottleneck
BUILD_1437,Intel Core i9-14900K,AMD Radeon RX 7700 XT,ASRock B760M,32GB DDR5,1440p,Yes,25%,GPU Bottleneck
BUILD_1438,AMD Ryzen 7 7800X3D,NVIDIA RTX 4090,MSI MAG B650 Tomahawk,32GB DDR5,4K,Yes,5%,General / Low
BUILD_1439,Intel Core i3-12100F,NVIDIA RTX 4090,ASUS ROG Strix Z790,16GB DDR4,1080p,Yes,54%,CPU Bottleneck
BUILD_1440,AMD Ryzen 5 5600X,AMD Radeon RX 7700 XT,ASUS Prime Z490-A,8GB DDR4,1440p,No,22%,GPU Bottleneck
BUILD_1441,Intel Core i9-14900K,NVIDIA GTX 1660 Super,ASRock B760M,64GB DDR5,4K,Yes,61%,GPU Bottleneck
BUILD_1442,AMD Ryzen 5 7600X,NVIDIA RTX 4070 Ti,MSI MAG B650 Tomahawk,16GB DDR5,1440p,Yes,9%,General / Low
BUILD_1443,Intel Core i7-10700K,AMD Radeon RX 6600,Gigabyte B550 AORUS Elite,16GB DDR4,1080p,No,11%,General / Low
BUILD_1444,AMD Ryzen 7 3700X,NVIDIA RTX 3060,Gigabyte B550 AORUS Elite,32GB DDR4,1440p,Yes,8%,General / Low
BUILD_1445,Intel Core i5-13600K,AMD Radeon RX 7900 XTX,ASUS ROG Strix Z790,32GB DDR5,1440p,Yes,18%,CPU Bottleneck
BUILD_1446,AMD Ryzen 7 7800X3D,NVIDIA GTX 1660 Super,MSI MAG B650 Tomahawk,16GB DDR5,4K,Yes,58%,GPU Bottleneck
BUILD_1447,Intel Core i3-12100F,AMD Radeon RX 7700 XT,ASRock B760M,8GB DDR4,1080p,Yes,27%,CPU Bottleneck
BUILD_1448,AMD Ryzen 5 5600X,NVIDIA RTX 4090,Gigabyte B550 AORUS Elite,32GB DDR4,1080p,Yes,49%,CPU Bottleneck
BUILD_1449,Intel Core i9-14900K,NVIDIA RTX 4070 Ti,ASUS ROG Strix Z790,32GB DDR5,1440p,Yes,14%,CPU Bottleneck
BUILD_1450,AMD Ryzen 5 7600X,AMD Radeon RX 6600,MSI MAG B650 Tomahawk,16GB DDR5,1080p,Yes,21%,CPU Bottleneck
BUILD_1451,Intel Core i7-10700K,NVIDIA RTX 3060,ASUS Prime Z490-A,16GB DDR4,1440p,Yes,10%,General / Low
BUILD_1452,AMD Ryzen 7 3700X,AMD Radeon RX 7900 XTX,Gigabyte B550 AORUS Elite,32GB DDR4,4K,Yes,44%,GPU Bottleneck
BUILD_1453,Intel Core i5-13600K,NVIDIA GTX 1660 Super,ASRock B760M,16GB DDR4,1080p,Yes,29%,GPU Bottleneck
BUILD_1454,AMD Ryzen 7 7800X3D,AMD Radeon RX 7700 XT,MSI MAG B650 Tomahawk,32GB DDR5,1440p,Yes,19%,CPU Bottleneck
BUILD_1455,Intel Core i3-12100F,NVIDIA RTX 4070 Ti,ASUS ROG Strix Z790,8GB DDR4,1080p,Yes,31%,CPU Bottleneck
BUILD_1456,AMD Ryzen 5 5600X,AMD Radeon RX 6600,Gigabyte B550 AORUS Elite,16GB DDR4,1080p,Yes,6%,General / Low
BUILD_1457,Intel Core i9-14900K,NVIDIA RTX 3060,ASRock B760M,64GB DDR5,1440p,Yes,26%,GPU Bottleneck
BUILD_1458,AMD Ryzen 5 7600X,AMD Radeon RX 7900 XTX,MSI MAG B650 Tomahawk,32GB DDR5,4K,Yes,22%,GPU Bottleneck
BUILD_1459,Intel Core i7-10700K,NVIDIA GTX 1660 Super,ASUS Prime Z490-A,16GB DDR4,1080p,Yes,7%,General / Low
BUILD_1460,AMD Ryzen 7 3700X,NVIDIA RTX 4090,Gigabyte B550 AORUS Elite,32GB DDR4,1080p,Yes,52%,CPU Bottleneck
BUILD_1461,Intel Core i5-13600K,AMD Radeon RX 7700 XT,ASRock B760M,16GB DDR5,1440p,Yes,5%,General / Low
BUILD_1462,AMD Ryzen 7 7800X3D,NVIDIA RTX 4070 Ti,MSI MAG B650 Tomahawk,32GB DDR5,1440p,Yes,16%,CPU Bottleneck
BUILD_1463,Intel Core i3-12100F,AMD Radeon RX 6600,ASUS ROG Strix Z790,16GB DDR4,1080p,Yes,11%,General / Low
BUILD_1464,AMD Ryzen 5 5600X,NVIDIA RTX 3060,Gigabyte B550 AORUS Elite,16GB DDR4,1440p,Yes,10%,General / Low
BUILD_1465,Intel Core i9-14900K,AMD Radeon RX 7900 XTX,ASRock B760M,32GB DDR5,4K,Yes,4%,General / Low
BUILD_1466,AMD Ryzen 5 7600X,NVIDIA GTX 1660 Super,MSI MAG B650 Tomahawk,16GB DDR5,1080p,Yes,24%,GPU Bottleneck
BUILD_1467,Intel Core i7-10700K,NVIDIA RTX 4090,ASUS Prime Z490-A,32GB DDR4,1080p,Yes,47%,CPU Bottleneck
BUILD_1468,AMD Ryzen 7 3700X,AMD Radeon RX 7700 XT,Gigabyte B550 AORUS Elite,16GB DDR4,1440p,Yes,18%,CPU Bottleneck
BUILD_1469,Intel Core i5-13600K,NVIDIA RTX 4070 Ti,ASRock B760M,32GB DDR5,1440p,Yes,7%,General / Low
BUILD_1470,AMD Ryzen 7 7800X3D,AMD Radeon RX 6600,MSI MAG B650 Tomahawk,32GB DDR5,1080p,Yes,28%,CPU Bottleneck
BUILD_1471,Intel Core i3-12100F,NVIDIA RTX 3060,ASUS ROG Strix Z790,16GB DDR4,1440p,Yes,15%,GPU Bottleneck
BUILD_1472,AMD Ryzen 5 5600X,AMD Radeon RX 7900 XTX,Gigabyte B550 AORUS Elite,16GB DDR4,4K,Yes,41%,GPU Bottleneck
BUILD_1473,Intel Core i9-14900K,NVIDIA GTX 1660 Super,ASRock B760M,32GB DDR5,1080p,Yes,33%,GPU Bottleneck
BUILD_1474,AMD Ryzen 5 7600X,NVIDIA RTX 4090,MSI MAG B650 Tomahawk,32GB DDR5,1080p,Yes,29%,CPU Bottleneck
BUILD_1475,Intel Core i7-10700K,AMD Radeon RX 7700 XT,ASUS Prime Z490-A,16GB DDR4,1440p,Yes,14%,CPU Bottleneck
BUILD_1476,AMD Ryzen 7 3700X,NVIDIA RTX 4070 Ti,Gigabyte B550 AORUS Elite,32GB DDR4,1440p,Yes,25%,CPU Bottleneck
BUILD_1477,Intel Core i5-13600K,AMD Radeon RX 6600,ASRock B760M,16GB DDR5,1080p,Yes,19%,CPU Bottleneck
BUILD_1478,AMD Ryzen 7 7800X3D,NVIDIA RTX 3060,MSI MAG B650 Tomahawk,32GB DDR5,1440p,Yes,22%,GPU Bottleneck
BUILD_1479,Intel Core i3-12100F,AMD Radeon RX 7900 XTX,ASUS ROG Strix Z790,16GB DDR4,4K,Yes,55%,GPU Bottleneck
BUILD_1480,AMD Ryzen 5 5600X,NVIDIA GTX 1660 Super,Gigabyte B550 AORUS Elite,16GB DDR4,1080p,Yes,12%,General / Low
BUILD_1481,Intel Core i9-14900K,NVIDIA RTX 4090,ASUS ROG Strix Z790,64GB DDR5,4K,Yes,3%,General / Low
BUILD_1482,AMD Ryzen 5 7600X,AMD Radeon RX 7700 XT,MSI MAG B650 Tomahawk,16GB DDR5,1440p,Yes,6%,General / Low
BUILD_1483,Intel Core i7-10700K,NVIDIA RTX 4070 Ti,ASUS Prime Z490-A,32GB DDR4,1440p,Yes,21%,CPU Bottleneck
BUILD_1484,AMD Ryzen 7 3700X,AMD Radeon RX 6600,Gigabyte B550 AORUS Elite,16GB DDR4,1080p,Yes,5%,General / Low
BUILD_1485,Intel Core i5-13600K,NVIDIA RTX 3060,ASRock B760M,32GB DDR5,1440p,Yes,17%,GPU Bottleneck
BUILD_1486,AMD Ryzen 7 7800X3D,AMD Radeon RX 7900 XTX,MSI MAG B650 Tomahawk,32GB DDR5,4K,Yes,7%,General / Low
BUILD_1487,Intel Core i3-12100F,NVIDIA GTX 1660 Super,ASUS ROG Strix Z790,8GB DDR4,1080p,Yes,9%,General / Low
BUILD_1488,AMD Ryzen 5 5600X,NVIDIA RTX 4090,ASUS Prime Z490-A,16GB DDR4,1080p,No,42%,CPU Bottleneck
BUILD_1489,Intel Core i9-14900K,AMD Radeon RX 7700 XT,ASRock B760M,32GB DDR5,1440p,Yes,24%,GPU Bottleneck
BUILD_1490,AMD Ryzen 5 7600X,NVIDIA RTX 4070 Ti,MSI MAG B650 Tomahawk,16GB DDR5,1440p,Yes,11%,General / Low
BUILD_1491,Intel Core i7-10700K,AMD Radeon RX 6600,ASUS Prime Z490-A,16GB DDR4,1080p,Yes,10%,General / Low
BUILD_1492,AMD Ryzen 7 3700X,NVIDIA RTX 3060,Gigabyte B550 AORUS Elite,32GB DDR4,1440p,Yes,11%,General / Low
BUILD_1493,Intel Core i5-13600K,AMD Radeon RX 7900 XTX,ASRock B760M,32GB DDR5,1440p,Yes,15%,CPU Bottleneck
BUILD_1494,AMD Ryzen 7 7800X3D,NVIDIA GTX 1660 Super,MSI MAG B650 Tomahawk,16GB DDR5,4K,Yes,48%,GPU Bottleneck
BUILD_1495,Intel Core i3-12100F,AMD Radeon RX 7700 XT,ASUS ROG Strix Z790,8GB DDR4,1080p,Yes,33%,CPU Bottleneck
BUILD_1496,AMD Ryzen 5 5600X,NVIDIA RTX 4090,Gigabyte B550 AORUS Elite,32GB DDR4,1080p,Yes,51%,CPU Bottleneck
BUILD_1497,Intel Core i9-14900K,NVIDIA RTX 4070 Ti,ASUS ROG Strix Z790,32GB DDR5,1440p,Yes,6%,General / Low
BUILD_1498,AMD Ryzen 5 7600X,AMD Radeon RX 6600,MSI MAG B650 Tomahawk,16GB DDR5,1080p,Yes,21%,CPU Bottleneck
BUILD_1499,Intel Core i7-10700K,NVIDIA RTX 3060,ASUS Prime Z490-A,16GB DDR4,1440p,Yes,10%,General / Low
BUILD_1500,AMD Ryzen 7 3700X,AMD Radeon RX 7900 XTX,Gigabyte B550 AORUS Elite,32GB DDR4,4K,Yes,44%,GPU Bottleneck
BUILD_1501,Intel Core i5-13600K,NVIDIA GTX 1660 Super,ASRock B760M,16GB DDR4,1080p,Yes,29%,GPU Bottleneck
BUILD_1502,AMD Ryzen 7 7800X3D,AMD Radeon RX 7700 XT,MSI MAG B650 Tomahawk,32GB DDR5,1440p,Yes,19%,CPU Bottleneck
BUILD_1503,Intel Core i3-12100F,NVIDIA RTX 4070 Ti,ASUS ROG Strix Z790,8GB DDR4,1080p,Yes,31%,CPU Bottleneck
BUILD_1504,AMD Ryzen 5 5600X,AMD Radeon RX 6600,Gigabyte B550 AORUS Elite,16GB DDR4,1080p,Yes,6%,General / Low
BUILD_1505,Intel Core i9-14900K,NVIDIA RTX 3060,ASRock B760M,64GB DDR5,1440p,Yes,26%,GPU Bottleneck
BUILD_1506,AMD Ryzen 5 7600X,AMD Radeon RX 7900 XTX,MSI MAG B650 Tomahawk,32GB DDR5,4K,Yes,22%,GPU Bottleneck
BUILD_1507,Intel Core i7-10700K,NVIDIA GTX 1660 Super,ASUS Prime Z490-A,16GB DDR4,1080p,Yes,7%,General / Low
BUILD_1508,AMD Ryzen 7 3700X,NVIDIA RTX 4090,Gigabyte B550 AORUS Elite,32GB DDR4,1080p,Yes,52%,CPU Bottleneck
BUILD_1509,Intel Core i5-13600K,AMD Radeon RX 7700 XT,ASRock B760M,16GB DDR5,1440p,Yes,5%,General / Low
BUILD_1510,AMD Ryzen 7 7800X3D,NVIDIA RTX 4070 Ti,MSI MAG B650 Tomahawk,32GB DDR5,1440p,Yes,16%,CPU Bottleneck
BUILD_1511,Intel Core i3-12100F,AMD Radeon RX 6600,ASUS ROG Strix Z790,16GB DDR4,1080p,Yes,11%,General / Low
BUILD_1512,AMD Ryzen 5 5600X,NVIDIA RTX 3060,Gigabyte B550 AORUS Elite,16GB DDR4,1440p,Yes,10%,General / Low
BUILD_1513,Intel Core i9-14900K,AMD Radeon RX 7900 XTX,ASRock B760M,32GB DDR5,4K,Yes,4%,General / Low
BUILD_1514,AMD Ryzen 5 7600X,NVIDIA GTX 1660 Super,MSI MAG B650 Tomahawk,16GB DDR5,1080p,Yes,24%,GPU Bottleneck
BUILD_1515,Intel Core i7-10700K,NVIDIA RTX 4090,ASUS Prime Z490-A,32GB DDR4,1080p,Yes,47%,CPU Bottleneck
BUILD_1516,AMD Ryzen 7 3700X,AMD Radeon RX 7700 XT,Gigabyte B550 AORUS Elite,16GB DDR4,1440p,Yes,18%,CPU Bottleneck
BUILD_1517,Intel Core i5-13600K,NVIDIA RTX 4070 Ti,ASRock B760M,32GB DDR5,1440p,Yes,7%,General / Low
BUILD_1518,AMD Ryzen 7 7800X3D,AMD Radeon RX 6600,MSI MAG B650 Tomahawk,32GB DDR5,1080p,Yes,28%,CPU Bottleneck
BUILD_1519,Intel Core i3-12100F,NVIDIA RTX 3060,ASUS ROG Strix Z790,16GB DDR4,1440p,Yes,15%,GPU Bottleneck
BUILD_1520,AMD Ryzen 5 5600X,AMD Radeon RX 7900 XTX,Gigabyte B550 AORUS Elite,16GB DDR4,4K,Yes,41%,GPU Bottleneck
BUILD_1521,Intel Core i9-14900K,NVIDIA GTX 1660 Super,ASRock B760M,32GB DDR5,1080p,Yes,33%,GPU Bottleneck
BUILD_1522,AMD Ryzen 5 7600X,NVIDIA RTX 4090,MSI MAG B650 Tomahawk,32GB DDR5,1080p,Yes,29%,CPU Bottleneck
BUILD_1523,Intel Core i7-10700K,AMD Radeon RX 7700 XT,ASUS Prime Z490-A,16GB DDR4,1440p,Yes,14%,CPU Bottleneck
BUILD_1524,AMD Ryzen 7 3700X,NVIDIA RTX 4070 Ti,Gigabyte B550 AORUS Elite,32GB DDR4,1440p,Yes,25%,CPU Bottleneck
BUILD_1525,Intel Core i5-13600K,AMD Radeon RX 6600,ASRock B760M,16GB DDR5,1080p,Yes,19%,CPU Bottleneck
BUILD_1526,AMD Ryzen 7 7800X3D,NVIDIA RTX 3060,MSI MAG B650 Tomahawk,32GB DDR5,1440p,Yes,22%,GPU Bottleneck
BUILD_1527,Intel Core i3-12100F,AMD Radeon RX 7900 XTX,ASUS ROG Strix Z790,16GB DDR4,4K,Yes,55%,GPU Bottleneck
BUILD_1528,AMD Ryzen 5 7600X,NVIDIA RTX 4090,MSI MAG B650 Tomahawk,32GB DDR5,1440p,Yes,19%,CPU Bottleneck
BUILD_1529,Intel Core i7-10700K,AMD Radeon RX 7700 XT,ASUS Prime Z490-A,16GB DDR4,4K,Yes,33%,GPU Bottleneck
BUILD_1530,AMD Ryzen 7 3700X,NVIDIA RTX 4070 Ti,Gigabyte B550 AORUS Elite,32GB DDR4,1080p,Yes,28%,CPU Bottleneck
BUILD_1531,Intel Core i5-13600K,AMD Radeon RX 6600,ASRock B760M,16GB DDR5,1440p,Yes,21%,GPU Bottleneck
BUILD_1532,AMD Ryzen 7 7800X3D,NVIDIA RTX 3060,MSI MAG B650 Tomahawk,32GB DDR5,1080p,Yes,14%,CPU Bottleneck
BUILD_1533,Intel Core i3-12100F,AMD Radeon RX 7900 XTX,ASUS ROG Strix Z790,16GB DDR4,4K,Yes,49%,GPU Bottleneck
BUILD_1534,AMD Ryzen 5 5600X,NVIDIA GTX 1660 Super,Gigabyte B550 AORUS Elite,16GB DDR4,1440p,Yes,10%,General / Low
BUILD_1535,Intel Core i9-14900K,NVIDIA RTX 4090,ASUS ROG Strix Z790,64GB DDR5,1440p,Yes,5%,General / Low
BUILD_1536,AMD Ryzen 5 7600X,AMD Radeon RX 7700 XT,MSI MAG B650 Tomahawk,16GB DDR5,1080p,Yes,8%,General / Low
BUILD_1537,Intel Core i7-10700K,NVIDIA RTX 4070 Ti,ASUS Prime Z490-A,32GB DDR4,4K,Yes,30%,GPU Bottleneck
BUILD_1538,AMD Ryzen 7 7800X3D,NVIDIA RTX 4090,MSI MAG B650 Tomahawk,32GB DDR5,4K,Yes,3%,General / Low
BUILD_1539,Intel Core i5-13600K,NVIDIA RTX 4070 Ti,ASRock B760M,32GB DDR5,1440p,Yes,6%,General / Low
BUILD_1540,AMD Ryzen 5 7600X,AMD Radeon RX 7700 XT,MSI MAG B650 Tomahawk,32GB DDR5,1440p,Yes,5%,General / Low
BUILD_1541,Intel Core i9-14900K,NVIDIA RTX 4080 Super,ASUS ROG Strix Z790,64GB DDR5,4K,Yes,4%,General / Low
BUILD_1542,AMD Ryzen 7 5700X3D,AMD Radeon RX 7800 XT,Gigabyte B550 AORUS Elite,32GB DDR4,1440p,Yes,7%,General / Low
BUILD_1543,Intel Core i5-12400F,NVIDIA RTX 4060 Ti,ASRock B760M,16GB DDR4,1080p,Yes,8%,General / Low
BUILD_1544,AMD Ryzen 5 5600X,AMD Radeon RX 6700 XT,Gigabyte B550 AORUS Elite,16GB DDR4,1080p,Yes,5%,General / Low
BUILD_1545,Intel Core i7-13700K,NVIDIA RTX 4070 Super,ASUS ROG Strix Z790,32GB DDR5,1440p,Yes,4%,General / Low
BUILD_1546,AMD Ryzen 9 7900X,AMD Radeon RX 7900 XT,MSI MAG B650 Tomahawk,32GB DDR5,4K,Yes,6%,General / Low
BUILD_1547,Intel Core i3-12100F,NVIDIA RTX 3050,ASRock B760M,16GB DDR4,1080p,Yes,9%,General / Low
BUILD_1548,AMD Ryzen 7 7700X,NVIDIA RTX 4070,MSI MAG B650 Tomahawk,32GB DDR5,1440p,Yes,5%,General / Low
BUILD_1549,Intel Core i9-13900K,AMD Radeon RX 7900 XTX,ASUS ROG Strix Z790,64GB DDR5,4K,Yes,3%,General / Low
BUILD_1550,AMD Ryzen 5 7600,NVIDIA RTX 4060,MSI MAG B650 Tomahawk,16GB DDR5,1080p,Yes,7%,General / Low
BUILD_1551,Intel Core i5-14600K,AMD Radeon RX 7800 XT,ASRock B760M,32GB DDR5,1440p,Yes,4%,General / Low
BUILD_1552,AMD Ryzen 7 5800X,NVIDIA RTX 3070 Ti,Gigabyte B550 AORUS Elite,32GB DDR4,1440p,Yes,6%,General / Low
BUILD_1553,Intel Core i7-12700K,NVIDIA RTX 4070 Ti Super,ASUS Prime Z490-A,32GB DDR4,No,0%,Incompatible Motherboard,
BUILD_1554,AMD Ryzen 5 5500,AMD Radeon RX 6600,Gigabyte B550 AORUS Elite,16GB DDR4,1080p,Yes,8%,General / Low
BUILD_1555,Intel Core i9-14900K,NVIDIA RTX 4090,ASUS ROG Strix Z790,64GB DDR5,4K,Yes,2%,General / Low
BUILD_1556,AMD Ryzen 7 7800X3D,AMD Radeon RX 7900 GRE,MSI MAG B650 Tomahawk,32GB DDR5,1440p,Yes,4%,General / Low
BUILD_1557,Intel Core i5-13400F,NVIDIA RTX 4060 Ti,ASRock B760M,32GB DDR5,1440p,Yes,11%,GPU Bottleneck
BUILD_1558,AMD Ryzen 9 9900X,NVIDIA RTX 4080 Super,MSI MAG B650 Tomahawk,32GB DDR5,4K,Yes,4%,General / Low
BUILD_1559,Intel Core i7-14700K,AMD Radeon RX 7900 XT,ASUS ROG Strix Z790,32GB DDR5,1440p,Yes,5%,General / Low
BUILD_1560,AMD Ryzen 5 8600G,NVIDIA RTX 4060,MSI MAG B650 Tomahawk,16GB DDR5,1080p,Yes,9%,General / Low
BUILD_1561,Intel Core i5-12600K,AMD Radeon RX 6800,ASRock B760M,32GB DDR4,1440p,Yes,6%,General / Low
BUILD_1562,AMD Ryzen 7 9700X,NVIDIA RTX 4070 Ti Super,MSI MAG B650 Tomahawk,32GB DDR5,1440p,Yes,3%,General / Low
BUILD_1563,Intel Core i3-14100F,NVIDIA RTX 3060,ASRock B760M,16GB DDR5,1080p,Yes,8%,General / Low
BUILD_1564,AMD Ryzen 5 7600X,AMD Radeon RX 7600 XT,MSI MAG B650 Tomahawk,16GB DDR5,1080p,Yes,6%,General / Low
BUILD_1565,Intel Core i9-12900K,NVIDIA RTX 3090 Ti,ASUS ROG Strix Z790,32GB DDR5,1440p,Yes,5%,General / Low
BUILD_1566,AMD Ryzen 7 5700X,NVIDIA RTX 4070,Gigabyte B550 AORUS Elite,32GB DDR4,1440p,Yes,8%,General / Low
BUILD_1567,Intel Core i7-10700K,NVIDIA RTX 3060 Ti,ASUS Prime Z490-A,16GB DDR4,1080p,Yes,7%,General / Low
BUILD_1568,AMD Ryzen 5 3600,AMD Radeon RX 6600 XT,Gigabyte B550 AORUS Elite,16GB DDR4,1080p,Yes,9%,General / Low
BUILD_1569,Intel Core i5-14400F,NVIDIA RTX 4070,ASRock B760M,32GB DDR5,1440p,Yes,7%,General / Low
BUILD_1570,AMD Ryzen 7 7800X3D,NVIDIA RTX 4070 Super,MSI MAG B650 Tomahawk,32GB DDR5,1440p,Yes,3%,General / Low
BUILD_1571,Intel Core i3-12100F,AMD Radeon RX 6600,ASUS ROG Strix Z790,16GB DDR4,1080p,Yes,7%,General / Low
BUILD_1572,AMD Ryzen 5 5600X,NVIDIA RTX 4060 Ti,Gigabyte B550 AORUS Elite,32GB DDR4,1080p,Yes,8%,General / Low
BUILD_1573,Intel Core i9-13900K,NVIDIA RTX 4090,ASUS ROG Strix Z790,64GB DDR5,4K,Yes,3%,General / Low
BUILD_1574,AMD Ryzen 7 7700X,AMD Radeon RX 7800 XT,MSI MAG B650 Tomahawk,32GB DDR5,1440p,Yes,4%,General / Low
BUILD_1575,Intel Core i7-13700K,AMD Radeon RX 6750 XT,ASUS ROG Strix Z790,32GB DDR5,1440p,Yes,12%,GPU Bottleneck
BUILD_1576,AMD Ryzen 5 7500F,NVIDIA RTX 4060 Ti,MSI MAG B650 Tomahawk,16GB DDR5,1080p,Yes,5%,General / Low
BUILD_1577,Intel Core i5-12400,AMD Radeon RX 7600,ASRock B760M,16GB DDR4,1080p,Yes,6%,General / Low
BUILD_1578,AMD Ryzen 7 5800X3D,NVIDIA RTX 4070 Ti,Gigabyte B550 AORUS Elite,32GB DDR4,1440p,Yes,5%,General / Low
BUILD_1579,Intel Core i9-14900K,AMD Radeon RX 7900 GRE,ASUS ROG Strix Z790,32GB DDR5,1440p,Yes,14%,GPU Bottleneck
BUILD_1580,AMD Ryzen 5 5600,NVIDIA RTX 3060,Gigabyte B550 AORUS Elite,16GB DDR4,1080p,Yes,5%,General / Low
BUILD_1581,Intel Core i7-14700K,NVIDIA RTX 4080 Super,ASUS ROG Strix Z790,32GB DDR5,4K,Yes,3%,General / Low
BUILD_1582,AMD Ryzen 9 7950X3D,NVIDIA RTX 4090,MSI MAG B650 Tomahawk,64GB DDR5,4K,Yes,2%,General / Low
BUILD_1583,Intel Core i5-13600K,AMD Radeon RX 7700 XT,ASRock B760M,32GB DDR5,1440p,Yes,6%,General / Low
BUILD_1584,AMD Ryzen 7 3700X,NVIDIA GTX 1660 Super,Gigabyte B550 AORUS Elite,16GB DDR4,1080p,Yes,22%,GPU Bottleneck
BUILD_1585,Intel Core i3-13100F,AMD Radeon RX 6600,ASRock B760M,16GB DDR5,1080p,Yes,6%,General / Low
BUILD_1586,AMD Ryzen 5 7600X,NVIDIA RTX 4070 Super,MSI MAG B650 Tomahawk,32GB DDR5,1440p,Yes,4%,General / Low
BUILD_1587,Intel Core i7-12700K,AMD Radeon RX 6800 XT,ASUS Prime Z490-A,32GB DDR4,No,0%,Incompatible Motherboard,
BUILD_1588,AMD Ryzen 7 7800X3D,NVIDIA RTX 4090,MSI MAG B650 Tomahawk,32GB DDR5,4K,Yes,3%,General / Low
BUILD_1589,Intel Core i5-13600K,NVIDIA RTX 4070 Ti,ASRock B760M,32GB DDR5,1440p,Yes,6%,General / Low
BUILD_1590,AMD Ryzen 5 7600X,AMD Radeon RX 7700 XT,MSI MAG B650 Tomahawk,32GB DDR5,1440p,Yes,5%,General / Low
BUILD_1591,Intel Core i9-14900K,NVIDIA RTX 4080 Super,ASUS ROG Strix Z790,64GB DDR5,4K,Yes,4%,General / Low
BUILD_1592,AMD Ryzen 7 5700X3D,AMD Radeon RX 7800 XT,Gigabyte B550 AORUS Elite,32GB DDR4,1440p,Yes,7%,General / Low
BUILD_1593,Intel Core i5-12400F,NVIDIA RTX 4060 Ti,ASRock B760M,16GB DDR4,1080p,Yes,8%,General / Low
BUILD_1594,AMD Ryzen 5 5600X,AMD Radeon RX 6700 XT,Gigabyte B550 AORUS Elite,16GB DDR4,1080p,Yes,5%,General / Low
BUILD_1595,Intel Core i7-13700K,NVIDIA RTX 4070 Super,ASUS ROG Strix Z790,32GB DDR5,1440p,Yes,4%,General / Low
BUILD_1596,AMD Ryzen 9 7900X,AMD Radeon RX 7900 XT,MSI MAG B650 Tomahawk,32GB DDR5,4K,Yes,6%,General / Low
BUILD_1597,Intel Core i3-12100F,NVIDIA RTX 3050,ASRock B760M,16GB DDR4,1080p,Yes,9%,General / Low
BUILD_1598,AMD Ryzen 7 7700X,NVIDIA RTX 4070,MSI MAG B650 Tomahawk,32GB DDR5,1440p,Yes,5%,General / Low
BUILD_1599,Intel Core i9-13900K,AMD Radeon RX 7900 XTX,ASUS ROG Strix Z790,64GB DDR5,4K,Yes,3%,General / Low
BUILD_1600,AMD Ryzen 5 7600,NVIDIA RTX 4060,MSI MAG B650 Tomahawk,16GB DDR5,1080p,Yes,7%,General / Low
BUILD_1601,Intel Core i5-14600K,AMD Radeon RX 7800 XT,ASRock B760M,32GB DDR5,1440p,Yes,4%,General / Low
BUILD_1602,AMD Ryzen 7 5800X,NVIDIA RTX 3070 Ti,Gigabyte B550 AORUS Elite,32GB DDR4,1440p,Yes,6%,General / Low
BUILD_1603,Intel Core i7-12700K,NVIDIA RTX 4070 Ti Super,ASUS Prime Z490-A,32GB DDR4,No,0%,Incompatible Motherboard,
BUILD_1604,AMD Ryzen 5 5500,AMD Radeon RX 6600,Gigabyte B550 AORUS Elite,16GB DDR4,1080p,Yes,8%,General / Low
BUILD_1605,Intel Core i9-14900K,NVIDIA RTX 4090,ASUS ROG Strix Z790,64GB DDR5,4K,Yes,2%,General / Low
BUILD_1606,AMD Ryzen 7 7800X3D,AMD Radeon RX 7900 GRE,MSI MAG B650 Tomahawk,32GB DDR5,1440p,Yes,4%,General / Low
BUILD_1607,Intel Core i5-13400F,NVIDIA RTX 4060 Ti,ASRock B760M,32GB DDR5,1440p,Yes,11%,GPU Bottleneck
BUILD_1608,AMD Ryzen 9 9900X,NVIDIA RTX 4080 Super,MSI MAG B650 Tomahawk,32GB DDR5,4K,Yes,4%,General / Low
BUILD_1609,Intel Core i7-14700K,AMD Radeon RX 7900 XT,ASUS ROG Strix Z790,32GB DDR5,1440p,Yes,5%,General / Low
BUILD_1610,AMD Ryzen 5 8600G,NVIDIA RTX 4060,MSI MAG B650 Tomahawk,16GB DDR5,1080p,Yes,9%,General / Low
BUILD_1611,Intel Core i5-12600K,AMD Radeon RX 6800,ASRock B760M,32GB DDR4,1440p,Yes,6%,General / Low
BUILD_1612,AMD Ryzen 7 9700X,NVIDIA RTX 4070 Ti Super,MSI MAG B650 Tomahawk,32GB DDR5,1440p,Yes,3%,General / Low
BUILD_1613,Intel Core i3-14100F,NVIDIA RTX 3060,ASRock B760M,16GB DDR5,1080p,Yes,8%,General / Low
BUILD_1614,AMD Ryzen 5 7600X,AMD Radeon RX 7600 XT,MSI MAG B650 Tomahawk,16GB DDR5,1080p,Yes,6%,General / Low
BUILD_1615,Intel Core i9-12900K,NVIDIA RTX 3090 Ti,ASUS ROG Strix Z790,32GB DDR5,1440p,Yes,5%,General / Low
BUILD_1616,AMD Ryzen 7 5700X,NVIDIA RTX 4070,Gigabyte B550 AORUS Elite,32GB DDR4,1440p,Yes,8%,General / Low
BUILD_1617,Intel Core i7-10700K,NVIDIA RTX 3060 Ti,ASUS Prime Z490-A,16GB DDR4,1080p,Yes,7%,General / Low
BUILD_1618,AMD Ryzen 5 3600,AMD Radeon RX 6600 XT,Gigabyte B550 AORUS Elite,16GB DDR4,1080p,Yes,9%,General / Low
BUILD_1619,Intel Core i5-14400F,NVIDIA RTX 4070,ASRock B760M,32GB DDR5,1440p,Yes,7%,General / Low
BUILD_1620,AMD Ryzen 7 7800X3D,NVIDIA RTX 4070 Super,MSI MAG B650 Tomahawk,32GB DDR5,1440p,Yes,3%,General / Low
BUILD_1621,Intel Core i3-12100F,AMD Radeon RX 6600,ASUS ROG Strix Z790,16GB DDR4,1080p,Yes,7%,General / Low
BUILD_1622,AMD Ryzen 5 5600X,NVIDIA RTX 4060 Ti,Gigabyte B550 AORUS Elite,32GB DDR4,1080p,Yes,8%,General / Low
BUILD_1623,Intel Core i9-13900K,NVIDIA RTX 4090,ASUS ROG Strix Z790,64GB DDR5,4K,Yes,3%,General / Low
BUILD_1624,AMD Ryzen 7 7700X,AMD Radeon RX 7800 XT,MSI MAG B650 Tomahawk,32GB DDR5,1440p,Yes,4%,General / Low
BUILD_1625,Intel Core i7-13700K,AMD Radeon RX 6750 XT,ASUS ROG Strix Z790,32GB DDR5,1440p,Yes,12%,GPU Bottleneck
BUILD_1626,AMD Ryzen 5 7500F,NVIDIA RTX 4060 Ti,MSI MAG B650 Tomahawk,16GB DDR5,1080p,Yes,5%,General / Low
BUILD_1627,Intel Core i5-12400,AMD Radeon RX 7600,ASRock B760M,16GB DDR4,1080p,Yes,6%,General / Low
BUILD_1628,AMD Ryzen 7 5800X3D,NVIDIA RTX 4070 Ti,Gigabyte B550 AORUS Elite,32GB DDR4,1440p,Yes,5%,General / Low
BUILD_1629,Intel Core i9-14900K,AMD Radeon RX 7900 GRE,ASUS ROG Strix Z790,32GB DDR5,1440p,Yes,14%,GPU Bottleneck
BUILD_1630,AMD Ryzen 5 5600,NVIDIA RTX 3060,Gigabyte B550 AORUS Elite,16GB DDR4,1080p,Yes,5%,General / Low
BUILD_1631,Intel Core i7-14700K,NVIDIA RTX 4080 Super,ASUS ROG Strix Z790,32GB DDR5,4K,Yes,3%,General / Low
BUILD_1632,AMD Ryzen 9 7950X3D,NVIDIA RTX 4090,MSI MAG B650 Tomahawk,64GB DDR5,4K,Yes,2%,General / Low
BUILD_1633,Intel Core i5-13600K,AMD Radeon RX 7700 XT,ASRock B760M,32GB DDR5,1440p,Yes,6%,General / Low
BUILD_1634,AMD Ryzen 7 3700X,NVIDIA GTX 1660 Super,Gigabyte B550 AORUS Elite,16GB DDR4,1080p,Yes,22%,GPU Bottleneck
BUILD_1635,Intel Core i3-13100F,AMD Radeon RX 6600,ASRock B760M,16GB DDR5,1080p,Yes,6%,General / Low
BUILD_1636,AMD Ryzen 5 7600X,NVIDIA RTX 4070 Super,MSI MAG B650 Tomahawk,32GB DDR5,1440p,Yes,4%,General / Low
BUILD_1637,Intel Core i7-12700K,AMD Radeon RX 6800 XT,ASUS Prime Z490-A,32GB DDR4,No,0%,Incompatible Motherboard,
BUILD_1638,AMD Ryzen 7 7800X3D,NVIDIA RTX 4090,MSI MAG B650 Tomahawk,32GB DDR5,4K,Yes,3%,General / Low
BUILD_1639,Intel Core i5-13600K,NVIDIA RTX 4070 Ti,ASRock B760M,32GB DDR5,1440p,Yes,6%,General / Low
BUILD_1640,AMD Ryzen 5 7600X,AMD Radeon RX 7700 XT,MSI MAG B650 Tomahawk,32GB DDR5,1440p,Yes,5%,General / Low
BUILD_1641,Intel Core i9-14900K,NVIDIA RTX 4080 Super,ASUS ROG Strix Z790,64GB DDR5,4K,Yes,4%,General / Low
BUILD_1642,AMD Ryzen 7 5700X3D,AMD Radeon RX 7800 XT,Gigabyte B550 AORUS Elite,32GB DDR4,1440p,Yes,7%,General / Low
BUILD_1643,Intel Core i5-12400F,NVIDIA RTX 4060 Ti,ASRock B760M,16GB DDR4,1080p,Yes,8%,General / Low
BUILD_1644,AMD Ryzen 5 5600X,AMD Radeon RX 6700 XT,Gigabyte B550 AORUS Elite,16GB DDR4,1080p,Yes,5%,General / Low
BUILD_1645,Intel Core i7-13700K,NVIDIA RTX 4070 Super,ASUS ROG Strix Z790,32GB DDR5,1440p,Yes,4%,General / Low
BUILD_1646,AMD Ryzen 9 7900X,AMD Radeon RX 7900 XT,MSI MAG B650 Tomahawk,32GB DDR5,4K,Yes,6%,General / Low
BUILD_1647,Intel Core i3-12100F,NVIDIA RTX 3050,ASRock B760M,16GB DDR4,1080p,Yes,9%,General / Low
BUILD_1648,AMD Ryzen 7 7700X,NVIDIA RTX 4070,MSI MAG B650 Tomahawk,32GB DDR5,1440p,Yes,5%,General / Low
BUILD_1649,Intel Core i9-13900K,AMD Radeon RX 7900 XTX,ASUS ROG Strix Z790,64GB DDR5,4K,Yes,3%,General / Low
BUILD_1650,AMD Ryzen 5 7600,NVIDIA RTX 4060,MSI MAG B650 Tomahawk,16GB DDR5,1080p,Yes,7%,General / Low
BUILD_1651,Intel Core i5-14600K,AMD Radeon RX 7800 XT,ASRock B760M,32GB DDR5,1440p,Yes,4%,General / Low
BUILD_1652,AMD Ryzen 7 5800X,NVIDIA RTX 3070 Ti,Gigabyte B550 AORUS Elite,32GB DDR4,1440p,Yes,6%,General / Low
BUILD_1653,Intel Core i7-12700K,NVIDIA RTX 4070 Ti Super,ASUS Prime Z490-A,32GB DDR4,No,0%,Incompatible Motherboard,
BUILD_1654,AMD Ryzen 5 5500,AMD Radeon RX 6600,Gigabyte B550 AORUS Elite,16GB DDR4,1080p,Yes,8%,General / Low
BUILD_1655,Intel Core i9-14900K,NVIDIA RTX 4090,ASUS ROG Strix Z790,64GB DDR5,4K,Yes,2%,General / Low
BUILD_1656,AMD Ryzen 7 7800X3D,AMD Radeon RX 7900 GRE,MSI MAG B650 Tomahawk,32GB DDR5,1440p,Yes,4%,General / Low
BUILD_1657,Intel Core i5-13400F,NVIDIA RTX 4060 Ti,ASRock B760M,32GB DDR5,1440p,Yes,11%,GPU Bottleneck
BUILD_1658,AMD Ryzen 9 9900X,NVIDIA RTX 4080 Super,MSI MAG B650 Tomahawk,32GB DDR5,4K,Yes,4%,General / Low
BUILD_1659,Intel Core i7-14700K,AMD Radeon RX 7900 XT,ASUS ROG Strix Z790,32GB DDR5,1440p,Yes,5%,General / Low
BUILD_1660,AMD Ryzen 5 8600G,NVIDIA RTX 4060,MSI MAG B650 Tomahawk,16GB DDR5,1080p,Yes,9%,General / Low
BUILD_1661,Intel Core i5-12600K,AMD Radeon RX 6800,ASRock B760M,32GB DDR4,1440p,Yes,6%,General / Low
BUILD_1662,AMD Ryzen 7 9700X,NVIDIA RTX 4070 Ti Super,MSI MAG B650 Tomahawk,32GB DDR5,1440p,Yes,3%,General / Low
BUILD_1663,Intel Core i3-14100F,NVIDIA RTX 3060,ASRock B760M,16GB DDR5,1080p,Yes,8%,General / Low
BUILD_1664,AMD Ryzen 5 7600X,AMD Radeon RX 7600 XT,MSI MAG B650 Tomahawk,16GB DDR5,1080p,Yes,6%,General / Low
BUILD_1665,Intel Core i9-12900K,NVIDIA RTX 3090 Ti,ASUS ROG Strix Z790,32GB DDR5,1440p,Yes,5%,General / Low
BUILD_1666,AMD Ryzen 7 5700X,NVIDIA RTX 4070,Gigabyte B550 AORUS Elite,32GB DDR4,1440p,Yes,8%,General / Low
BUILD_1667,Intel Core i7-10700K,NVIDIA RTX 3060 Ti,ASUS Prime Z490-A,16GB DDR4,1080p,Yes,7%,General / Low
BUILD_1668,AMD Ryzen 5 3600,AMD Radeon RX 6600 XT,Gigabyte B550 AORUS Elite,16GB DDR4,1080p,Yes,9%,General / Low
BUILD_1669,Intel Core i5-14400F,NVIDIA RTX 4070,ASRock B760M,32GB DDR5,1440p,Yes,7%,General / Low
BUILD_1670,AMD Ryzen 7 7800X3D,NVIDIA RTX 4070 Super,MSI MAG B650 Tomahawk,32GB DDR5,1440p,Yes,3%,General / Low
BUILD_1671,Intel Core i3-12100F,AMD Radeon RX 6600,ASUS ROG Strix Z790,16GB DDR4,1080p,Yes,7%,General / Low
BUILD_1672,AMD Ryzen 5 5600X,NVIDIA RTX 4060 Ti,Gigabyte B550 AORUS Elite,32GB DDR4,1080p,Yes,8%,General / Low
BUILD_1673,Intel Core i9-13900K,NVIDIA RTX 4090,ASUS ROG Strix Z790,64GB DDR5,4K,Yes,3%,General / Low
BUILD_1674,AMD Ryzen 7 7700X,AMD Radeon RX 7800 XT,MSI MAG B650 Tomahawk,32GB DDR5,1440p,Yes,4%,General / Low
BUILD_1675,Intel Core i7-13700K,AMD Radeon RX 6750 XT,ASUS ROG Strix Z790,32GB DDR5,1440p,Yes,12%,GPU Bottleneck
BUILD_1676,AMD Ryzen 5 7500F,NVIDIA RTX 4060 Ti,MSI MAG B650 Tomahawk,16GB DDR5,1080p,Yes,5%,General / Low
BUILD_1677,Intel Core i5-12400,AMD Radeon RX 7600,ASRock B760M,16GB DDR4,1080p,Yes,6%,General / Low
BUILD_1678,AMD Ryzen 7 5800X3D,NVIDIA RTX 4070 Ti,Gigabyte B550 AORUS Elite,32GB DDR4,1440p,Yes,5%,General / Low
BUILD_1679,Intel Core i9-14900K,AMD Radeon RX 7900 GRE,ASUS ROG Strix Z790,32GB DDR5,1440p,Yes,14%,GPU Bottleneck
BUILD_1680,AMD Ryzen 5 5600,NVIDIA RTX 3060,Gigabyte B550 AORUS Elite,16GB DDR4,1080p,Yes,5%,General / Low
BUILD_1681,Intel Core i7-14700K,NVIDIA RTX 4080 Super,ASUS ROG Strix Z790,32GB DDR5,4K,Yes,3%,General / Low
BUILD_1682,AMD Ryzen 9 7950X3D,NVIDIA RTX 4090,MSI MAG B650 Tomahawk,64GB DDR5,4K,Yes,2%,General / Low
BUILD_1683,Intel Core i5-13600K,AMD Radeon RX 7700 XT,ASRock B760M,32GB DDR5,1440p,Yes,6%,General / Low
BUILD_1684,AMD Ryzen 7 3700X,NVIDIA GTX 1660 Super,Gigabyte B550 AORUS Elite,16GB DDR4,1080p,Yes,22%,GPU Bottleneck
BUILD_1685,Intel Core i3-13100F,AMD Radeon RX 6600,ASRock B760M,16GB DDR5,1080p,Yes,6%,General / Low
BUILD_1686,AMD Ryzen 5 7600X,NVIDIA RTX 4070 Super,MSI MAG B650 Tomahawk,32GB DDR5,1440p,Yes,4%,General / Low
BUILD_1687,Intel Core i7-12700K,AMD Radeon RX 6800 XT,ASUS Prime Z490-A,32GB DDR4,No,0%,Incompatible Motherboard,
BUILD_1688,AMD Ryzen 7 7800X3D,NVIDIA RTX 4090,MSI MAG B650 Tomahawk,32GB DDR5,4K,Yes,3%,General / Low
BUILD_1689,Intel Core i5-13600K,NVIDIA RTX 4070 Ti,ASRock B760M,32GB DDR5,1440p,Yes,6%,General / Low
BUILD_1690,AMD Ryzen 5 7600X,AMD Radeon RX 7700 XT,MSI MAG B650 Tomahawk,32GB DDR5,1440p,Yes,5%,General / Low
BUILD_1691,Intel Core i9-14900K,NVIDIA RTX 4080 Super,ASUS ROG Strix Z790,64GB DDR5,4K,Yes,4%,General / Low
BUILD_1692,AMD Ryzen 7 5700X3D,AMD Radeon RX 7800 XT,Gigabyte B550 AORUS Elite,32GB DDR4,1440p,Yes,7%,General / Low
BUILD_1693,Intel Core i5-12400F,NVIDIA RTX 4060 Ti,ASRock B760M,16GB DDR4,1080p,Yes,8%,General / Low
BUILD_1694,AMD Ryzen 5 5600X,AMD Radeon RX 6700 XT,Gigabyte B550 AORUS Elite,16GB DDR4,1080p,Yes,5%,General / Low
BUILD_1695,Intel Core i7-13700K,NVIDIA RTX 4070 Super,ASUS ROG Strix Z790,32GB DDR5,1440p,Yes,4%,General / Low
BUILD_1696,AMD Ryzen 9 7900X,AMD Radeon RX 7900 XT,MSI MAG B650 Tomahawk,32GB DDR5,4K,Yes,6%,General / Low
BUILD_1697,Intel Core i3-12100F,NVIDIA RTX 3050,ASRock B760M,16GB DDR4,1080p,Yes,9%,General / Low
BUILD_1698,AMD Ryzen 7 7700X,NVIDIA RTX 4070,MSI MAG B650 Tomahawk,32GB DDR5,1440p,Yes,5%,General / Low
BUILD_1699,Intel Core i9-13900K,AMD Radeon RX 7900 XTX,ASUS ROG Strix Z790,64GB DDR5,4K,Yes,3%,General / Low
BUILD_1700,AMD Ryzen 5 7600,NVIDIA RTX 4060,MSI MAG B650 Tomahawk,16GB DDR5,1080p,Yes,7%,General / Low
BUILD_1701,Intel Core i5-14600K,AMD Radeon RX 7800 XT,ASRock B760M,32GB DDR5,1440p,Yes,4%,General / Low
BUILD_1702,AMD Ryzen 7 5800X,NVIDIA RTX 3070 Ti,Gigabyte B550 AORUS Elite,32GB DDR4,1440p,Yes,6%,General / Low
BUILD_1703,Intel Core i7-12700K,NVIDIA RTX 4070 Ti Super,ASUS Prime Z490-A,32GB DDR4,No,0%,Incompatible Motherboard,
BUILD_1704,AMD Ryzen 5 5500,AMD Radeon RX 6600,Gigabyte B550 AORUS Elite,16GB DDR4,1080p,Yes,8%,General / Low
BUILD_1705,Intel Core i9-14900K,NVIDIA RTX 4090,ASUS ROG Strix Z790,64GB DDR5,4K,Yes,2%,General / Low
BUILD_1706,AMD Ryzen 7 7800X3D,AMD Radeon RX 7900 GRE,MSI MAG B650 Tomahawk,32GB DDR5,1440p,Yes,4%,General / Low
BUILD_1707,Intel Core i5-13400F,NVIDIA RTX 4060 Ti,ASRock B760M,32GB DDR5,1440p,Yes,11%,GPU Bottleneck
BUILD_1708,AMD Ryzen 9 9900X,NVIDIA RTX 4080 Super,MSI MAG B650 Tomahawk,32GB DDR5,4K,Yes,4%,General / Low
BUILD_1709,Intel Core i7-14700K,AMD Radeon RX 7900 XT,ASUS ROG Strix Z790,32GB DDR5,1440p,Yes,5%,General / Low
BUILD_1710,AMD Ryzen 5 8600G,NVIDIA RTX 4060,MSI MAG B650 Tomahawk,16GB DDR5,1080p,Yes,9%,General / Low
BUILD_1711,Intel Core i5-12600K,AMD Radeon RX 6800,ASRock B760M,32GB DDR4,1440p,Yes,6%,General / Low
BUILD_1712,AMD Ryzen 7 9700X,NVIDIA RTX 4070 Ti Super,MSI MAG B650 Tomahawk,32GB DDR5,1440p,Yes,3%,General / Low
BUILD_1713,Intel Core i3-14100F,NVIDIA RTX 3060,ASRock B760M,16GB DDR5,1080p,Yes,8%,General / Low
BUILD_1714,AMD Ryzen 5 7600X,AMD Radeon RX 7600 XT,MSI MAG B650 Tomahawk,16GB DDR5,1080p,Yes,6%,General / Low
BUILD_1715,Intel Core i9-12900K,NVIDIA RTX 3090 Ti,ASUS ROG Strix Z790,32GB DDR5,1440p,Yes,5%,General / Low
BUILD_1716,AMD Ryzen 7 5700X,NVIDIA RTX 4070,Gigabyte B550 AORUS Elite,32GB DDR4,1440p,Yes,8%,General / Low
BUILD_1717,Intel Core i7-10700K,NVIDIA RTX 3060 Ti,ASUS Prime Z490-A,16GB DDR4,1080p,Yes,7%,General / Low
BUILD_1718,AMD Ryzen 5 3600,AMD Radeon RX 6600 XT,Gigabyte B550 AORUS Elite,16GB DDR4,1080p,Yes,9%,General / Low
BUILD_1719,Intel Core i5-14400F,NVIDIA RTX 4070,ASRock B760M,32GB DDR5,1440p,Yes,7%,General / Low
BUILD_1720,AMD Ryzen 7 7800X3D,NVIDIA RTX 4070 Super,MSI MAG B650 Tomahawk,32GB DDR5,1440p,Yes,3%,General / Low
BUILD_1721,Intel Core i3-12100F,AMD Radeon RX 6600,ASUS ROG Strix Z790,16GB DDR4,1080p,Yes,7%,General / Low
BUILD_1722,AMD Ryzen 5 5600X,NVIDIA RTX 4060 Ti,Gigabyte B550 AORUS Elite,32GB DDR4,1080p,Yes,8%,General / Low
BUILD_1723,Intel Core i9-13900K,NVIDIA RTX 4090,ASUS ROG Strix Z790,64GB DDR5,4K,Yes,3%,General / Low
BUILD_1724,AMD Ryzen 7 7700X,AMD Radeon RX 7800 XT,MSI MAG B650 Tomahawk,32GB DDR5,1440p,Yes,4%,General / Low
BUILD_1725,Intel Core i7-13700K,AMD Radeon RX 6750 XT,ASUS ROG Strix Z790,32GB DDR5,1440p,Yes,12%,GPU Bottleneck
BUILD_1726,AMD Ryzen 5 7500F,NVIDIA RTX 4060 Ti,MSI MAG B650 Tomahawk,16GB DDR5,1080p,Yes,5%,General / Low
BUILD_1727,Intel Core i5-12400,AMD Radeon RX 7600,ASRock B760M,16GB DDR4,1080p,Yes,6%,General / Low
BUILD_1728,AMD Ryzen 7 5800X3D,NVIDIA RTX 4070 Ti,Gigabyte B550 AORUS Elite,32GB DDR4,1440p,Yes,5%,General / Low
BUILD_1729,Intel Core i9-14900K,AMD Radeon RX 7900 GRE,ASUS ROG Strix Z790,32GB DDR5,1440p,Yes,14%,GPU Bottleneck
BUILD_1730,AMD Ryzen 5 5600,NVIDIA RTX 3060,Gigabyte B550 AORUS Elite,16GB DDR4,1080p,Yes,5%,General / Low
BUILD_1731,Intel Core i7-14700K,NVIDIA RTX 4080 Super,ASUS ROG Strix Z790,32GB DDR5,4K,Yes,3%,General / Low
BUILD_1732,AMD Ryzen 9 7950X3D,NVIDIA RTX 4090,MSI MAG B650 Tomahawk,64GB DDR5,4K,Yes,2%,General / Low
BUILD_1733,Intel Core i5-13600K,AMD Radeon RX 7700 XT,ASRock B760M,32GB DDR5,1440p,Yes,6%,General / Low
BUILD_1734,AMD Ryzen 7 3700X,NVIDIA GTX 1660 Super,Gigabyte B550 AORUS Elite,16GB DDR4,1080p,Yes,22%,GPU Bottleneck
BUILD_1735,Intel Core i3-13100F,AMD Radeon RX 6600,ASRock B760M,16GB DDR5,1080p,Yes,6%,General / Low
BUILD_1736,AMD Ryzen 5 7600X,NVIDIA RTX 4070 Super,MSI MAG B650 Tomahawk,32GB DDR5,1440p,Yes,4%,General / Low
BUILD_1737,Intel Core i7-12700K,AMD Radeon RX 6800 XT,ASUS Prime Z490-A,32GB DDR4,No,0%,Incompatible Motherboard,
BUILD_1738,AMD Ryzen 7 7800X3D,NVIDIA RTX 4090,MSI MAG B650 Tomahawk,32GB DDR5,4K,Yes,3%,General / Low
BUILD_1739,Intel Core i5-13600K,NVIDIA RTX 4070 Ti,ASRock B760M,32GB DDR5,1440p,Yes,6%,General / Low
BUILD_1740,AMD Ryzen 5 7600X,AMD Radeon RX 7700 XT,MSI MAG B650 Tomahawk,32GB DDR5,1440p,Yes,5%,General / Low
BUILD_1741,Intel Core i9-14900K,NVIDIA RTX 4080 Super,ASUS ROG Strix Z790,64GB DDR5,4K,Yes,4%,General / Low
BUILD_1742,AMD Ryzen 7 5700X3D,AMD Radeon RX 7800 XT,Gigabyte B550 AORUS Elite,32GB DDR4,1440p,Yes,7%,General / Low
BUILD_1743,Intel Core i3-12100F,NVIDIA RTX 3050,ASRock B760M,16GB DDR4,1080p,Yes,9%,General / Low
BUILD_1744,AMD Ryzen 7 7700X,NVIDIA RTX 4070,MSI MAG B650 Tomahawk,32GB DDR5,1440p,Yes,5%,General / Low
BUILD_1745,Intel Core i9-13900K,AMD Radeon RX 7900 XTX,ASUS ROG Strix Z790,64GB DDR5,4K,Yes,3%,General / Low
BUILD_1746,AMD Ryzen 5 7600,NVIDIA RTX 4060,MSI MAG B650 Tomahawk,16GB DDR5,1080p,Yes,7%,General / Low
BUILD_1747,Intel Core i5-14600K,AMD Radeon RX 7800 XT,ASRock B760M,32GB DDR5,1440p,Yes,4%,General / Low
BUILD_1748,AMD Ryzen 7 5800X,NVIDIA RTX 3070 Ti,Gigabyte B550 AORUS Elite,32GB DDR4,1440p,Yes,6%,General / Low
BUILD_1749,Intel Core i9-14900K,NVIDIA RTX 4090,ASUS ROG Strix Z790,64GB DDR5,4K,Yes,2%,General / Low
BUILD_1750,AMD Ryzen 7 7800X3D,AMD Radeon RX 7900 GRE,MSI MAG B650 Tomahawk,32GB DDR5,1440p,Yes,4%,General / Low
BUILD_1751,AMD Ryzen 9 9900X,NVIDIA RTX 4080 Super,MSI MAG B650 Tomahawk,32GB DDR5,4K,Yes,4%,General / Low
BUILD_1752,Intel Core i7-14700K,AMD Radeon RX 7900 XT,ASUS ROG Strix Z790,32GB DDR5,1440p,Yes,5%,General / Low
BUILD_1753,AMD Ryzen 5 8600G,NVIDIA RTX 4060,MSI MAG B650 Tomahawk,16GB DDR5,1080p,Yes,9%,General / Low
BUILD_1754,Intel Core i5-12600K,AMD Radeon RX 6800,ASRock B760M,32GB DDR4,1440p,Yes,6%,General / Low
BUILD_1755,AMD Ryzen 7 9700X,NVIDIA RTX 4070 Ti Super,MSI MAG B650 Tomahawk,32GB DDR5,1440p,Yes,3%,General / Low
BUILD_1756,Intel Core i3-14100F,NVIDIA RTX 3060,ASRock B760M,16GB DDR5,1080p,Yes,8%,General / Low
BUILD_1757,AMD Ryzen 5 7600X,AMD Radeon RX 7600 XT,MSI MAG B650 Tomahawk,16GB DDR5,1080p,Yes,6%,General / Low
BUILD_1758,Intel Core i9-12900K,NVIDIA RTX 3090 Ti,ASUS ROG Strix Z790,32GB DDR5,1440p,Yes,5%,General / Low
BUILD_1759,AMD Ryzen 7 5700X,NVIDIA RTX 4070,Gigabyte B550 AORUS Elite,32GB DDR4,1440p,Yes,8%,General / Low
BUILD_1760,AMD Ryzen 5 3600,AMD Radeon RX 6600 XT,Gigabyte B550 AORUS Elite,16GB DDR4,1080p,Yes,9%,General / Low
BUILD_1761,Intel Core i5-14400F,NVIDIA RTX 4070,ASRock B760M,32GB DDR5,1440p,Yes,7%,General / Low
BUILD_1762,AMD Ryzen 7 7800X3D,NVIDIA RTX 4070 Super,MSI MAG B650 Tomahawk,32GB DDR5,1440p,Yes,3%,General / Low
BUILD_1763,Intel Core i3-12100F,AMD Radeon RX 6600,ASUS ROG Strix Z790,16GB DDR4,1080p,Yes,7%,General / Low
BUILD_1764,AMD Ryzen 5 5600X,NVIDIA RTX 4060 Ti,Gigabyte B550 AORUS Elite,32GB DDR4,1080p,Yes,8%,General / Low
BUILD_1765,Intel Core i9-13900K,NVIDIA RTX 4090,ASUS ROG Strix Z790,64GB DDR5,4K,Yes,3%,General / Low
BUILD_1766,AMD Ryzen 7 7700X,AMD Radeon RX 7800 XT,MSI MAG B650 Tomahawk,32GB DDR5,1440p,Yes,4%,General / Low
BUILD_1767,AMD Ryzen 5 7500F,NVIDIA RTX 4060 Ti,MSI MAG B650 Tomahawk,16GB DDR5,1080p,Yes,5%,General / Low
BUILD_1768,Intel Core i5-12400,AMD Radeon RX 7600,ASRock B760M,16GB DDR4,1080p,Yes,6%,General / Low
BUILD_1769,AMD Ryzen 7 5800X3D,NVIDIA RTX 4070 Ti,Gigabyte B550 AORUS Elite,32GB DDR4,1440p,Yes,5%,General / Low
BUILD_1770,AMD Ryzen 5 5600,NVIDIA RTX 3060,Gigabyte B550 AORUS Elite,16GB DDR4,1080p,Yes,5%,General / Low
BUILD_1771,Intel Core i7-14700K,NVIDIA RTX 4080 Super,ASUS ROG Strix Z790,32GB DDR5,4K,Yes,3%,General / Low
BUILD_1772,AMD Ryzen 9 7950X3D,NVIDIA RTX 4090,MSI MAG B650 Tomahawk,64GB DDR5,4K,Yes,2%,General / Low
BUILD_1773,Intel Core i5-13600K,AMD Radeon RX 7700 XT,ASRock B760M,32GB DDR5,1440p,Yes,6%,General / Low
BUILD_1774,Intel Core i3-13100F,AMD Radeon RX 6600,ASRock B760M,16GB DDR5,1080p,Yes,6%,General / Low
BUILD_1775,AMD Ryzen 5 7600X,NVIDIA RTX 4070 Super,MSI MAG B650 Tomahawk,32GB DDR5,1440p,Yes,4%,General / Low
BUILD_1776,AMD Ryzen 7 7800X3D,NVIDIA RTX 4090,MSI MAG B650 Tomahawk,32GB DDR5,4K,Yes,3%,General / Low
BUILD_1777,Intel Core i5-13600K,NVIDIA RTX 4070 Ti,ASRock B760M,32GB DDR5,1440p,Yes,6%,General / Low
BUILD_1778,AMD Ryzen 5 7600X,AMD Radeon RX 7700 XT,MSI MAG B650 Tomahawk,32GB DDR5,1440p,Yes,5%,General / Low
BUILD_1779,Intel Core i9-14900K,NVIDIA RTX 4080 Super,ASUS ROG Strix Z790,64GB DDR5,4K,Yes,4%,General / Low
BUILD_1780,AMD Ryzen 7 5700X3D,AMD Radeon RX 7800 XT,Gigabyte B550 AORUS Elite,32GB DDR4,1440p,Yes,7%,General / Low
BUILD_1781,Intel Core i3-12100F,NVIDIA RTX 3050,ASRock B760M,16GB DDR4,1080p,Yes,9%,General / Low
BUILD_1782,AMD Ryzen 7 7700X,NVIDIA RTX 4070,MSI MAG B650 Tomahawk,32GB DDR5,1440p,Yes,5%,General / Low
BUILD_1783,Intel Core i9-13900K,AMD Radeon RX 7900 XTX,ASUS ROG Strix Z790,64GB DDR5,4K,Yes,3%,General / Low
BUILD_1784,AMD Ryzen 5 7600,NVIDIA RTX 4060,MSI MAG B650 Tomahawk,16GB DDR5,1080p,Yes,7%,General / Low
BUILD_1785,Intel Core i5-14600K,AMD Radeon RX 7800 XT,ASRock B760M,32GB DDR5,1440p,Yes,4%,General / Low
BUILD_1786,AMD Ryzen 7 5800X,NVIDIA RTX 3070 Ti,Gigabyte B550 AORUS Elite,32GB DDR4,1440p,Yes,6%,General / Low
BUILD_1787,Intel Core i9-14900K,NVIDIA RTX 4090,ASUS ROG Strix Z790,64GB DDR5,4K,Yes,2%,General / Low
BUILD_1788,AMD Ryzen 7 7800X3D,AMD Radeon RX 7900 GRE,MSI MAG B650 Tomahawk,32GB DDR5,1440p,Yes,4%,General / Low
BUILD_1789,AMD Ryzen 9 9900X,NVIDIA RTX 4080 Super,MSI MAG B650 Tomahawk,32GB DDR5,4K,Yes,4%,General / Low
BUILD_1790,Intel Core i7-14700K,AMD Radeon RX 7900 XT,ASUS ROG Strix Z790,32GB DDR5,1440p,Yes,5%,General / Low
BUILD_1791,AMD Ryzen 5 8600G,NVIDIA RTX 4060,MSI MAG B650 Tomahawk,16GB DDR5,1080p,Yes,9%,General / Low
BUILD_1792,Intel Core i5-12600K,AMD Radeon RX 6800,ASRock B760M,32GB DDR4,1440p,Yes,6%,General / Low
BUILD_1793,AMD Ryzen 7 9700X,NVIDIA RTX 4070 Ti Super,MSI MAG B650 Tomahawk,32GB DDR5,1440p,Yes,3%,General / Low
BUILD_1794,Intel Core i3-14100F,NVIDIA RTX 3060,ASRock B760M,16GB DDR5,1080p,Yes,8%,General / Low
BUILD_1795,AMD Ryzen 5 7600X,AMD Radeon RX 7600 XT,MSI MAG B650 Tomahawk,16GB DDR5,1080p,Yes,6%,General / Low
BUILD_1796,Intel Core i9-12900K,NVIDIA RTX 3090 Ti,ASUS ROG Strix Z790,32GB DDR5,1440p,Yes,5%,General / Low
BUILD_1797,AMD Ryzen 7 5700X,NVIDIA RTX 4070,Gigabyte B550 AORUS Elite,32GB DDR4,1440p,Yes,8%,General / Low
BUILD_1798,AMD Ryzen 5 3600,AMD Radeon RX 6600 XT,Gigabyte B550 AORUS Elite,16GB DDR4,1080p,Yes,9%,General / Low
BUILD_1799,Intel Core i5-14400F,NVIDIA RTX 4070,ASRock B760M,32GB DDR5,1440p,Yes,7%,General / Low
BUILD_1800,AMD Ryzen 7 7800X3D,NVIDIA RTX 4070 Super,MSI MAG B650 Tomahawk,32GB DDR5,1440p,Yes,3%,General / Low
BUILD_1801,Intel Core i3-12100F,AMD Radeon RX 6600,ASUS ROG Strix Z790,16GB DDR4,1080p,Yes,7%,General / Low
BUILD_1802,AMD Ryzen 5 5600X,NVIDIA RTX 4060 Ti,Gigabyte B550 AORUS Elite,32GB DDR4,1080p,Yes,8%,General / Low
BUILD_1803,Intel Core i9-13900K,NVIDIA RTX 4090,ASUS ROG Strix Z790,64GB DDR5,4K,Yes,3%,General / Low
BUILD_1804,AMD Ryzen 7 7700X,AMD Radeon RX 7800 XT,MSI MAG B650 Tomahawk,32GB DDR5,1440p,Yes,4%,General / Low
BUILD_1805,AMD Ryzen 5 7500F,NVIDIA RTX 4060 Ti,MSI MAG B650 Tomahawk,16GB DDR5,1080p,Yes,5%,General / Low
BUILD_1806,Intel Core i5-12400,AMD Radeon RX 7600,ASRock B760M,16GB DDR4,1080p,Yes,6%,General / Low
BUILD_1807,AMD Ryzen 7 5800X3D,NVIDIA RTX 4070 Ti,Gigabyte B550 AORUS Elite,32GB DDR4,1440p,Yes,5%,General / Low
BUILD_1808,AMD Ryzen 5 5600,NVIDIA RTX 3060,Gigabyte B550 AORUS Elite,16GB DDR4,1080p,Yes,5%,General / Low
BUILD_1809,Intel Core i7-14700K,NVIDIA RTX 4080 Super,ASUS ROG Strix Z790,32GB DDR5,4K,Yes,3%,General / Low
BUILD_1810,AMD Ryzen 9 7950X3D,NVIDIA RTX 4090,MSI MAG B650 Tomahawk,64GB DDR5,4K,Yes,2%,General / Low
BUILD_1811,Intel Core i5-13600K,AMD Radeon RX 7700 XT,ASRock B760M,32GB DDR5,1440p,Yes,6%,General / Low
BUILD_1812,Intel Core i3-13100F,AMD Radeon RX 6600,ASRock B760M,16GB DDR5,1080p,Yes,6%,General / Low
BUILD_1813,AMD Ryzen 5 7600X,NVIDIA RTX 4070 Super,MSI MAG B650 Tomahawk,32GB DDR5,1440p,Yes,4%,General / Low
BUILD_1814,AMD Ryzen 7 7800X3D,NVIDIA RTX 4090,MSI MAG B650 Tomahawk,32GB DDR5,4K,Yes,3%,General / Low
BUILD_1815,Intel Core i5-13600K,NVIDIA RTX 4070 Ti,ASRock B760M,32GB DDR5,1440p,Yes,6%,General / Low
BUILD_1816,AMD Ryzen 5 7600X,AMD Radeon RX 7700 XT,MSI MAG B650 Tomahawk,32GB DDR5,1440p,Yes,5%,General / Low
BUILD_1817,Intel Core i9-14900K,NVIDIA RTX 4080 Super,ASUS ROG Strix Z790,64GB DDR5,4K,Yes,4%,General / Low
BUILD_1818,AMD Ryzen 7 5700X3D,AMD Radeon RX 7800 XT,Gigabyte B550 AORUS Elite,32GB DDR4,1440p,Yes,7%,General / Low
BUILD_1819,Intel Core i3-12100F,NVIDIA RTX 3050,ASRock B760M,16GB DDR4,1080p,Yes,9%,General / Low
BUILD_1820,AMD Ryzen 7 7700X,NVIDIA RTX 4070,MSI MAG B650 Tomahawk,32GB DDR5,1440p,Yes,5%,General / Low
BUILD_1821,Intel Core i9-13900K,AMD Radeon RX 7900 XTX,ASUS ROG Strix Z790,64GB DDR5,4K,Yes,3%,General / Low
BUILD_1822,AMD Ryzen 5 7600,NVIDIA RTX 4060,MSI MAG B650 Tomahawk,16GB DDR5,1080p,Yes,7%,General / Low
BUILD_1823,Intel Core i5-14600K,AMD Radeon RX 7800 XT,ASRock B760M,32GB DDR5,1440p,Yes,4%,General / Low
BUILD_1824,AMD Ryzen 7 5800X,NVIDIA RTX 3070 Ti,Gigabyte B550 AORUS Elite,32GB DDR4,1440p,Yes,6%,General / Low
BUILD_1825,Intel Core i9-14900K,NVIDIA RTX 4090,ASUS ROG Strix Z790,64GB DDR5,4K,Yes,2%,General / Low
BUILD_1826,AMD Ryzen 7 7800X3D,AMD Radeon RX 7900 GRE,MSI MAG B650 Tomahawk,32GB DDR5,1440p,Yes,4%,General / Low
BUILD_1827,AMD Ryzen 9 9900X,NVIDIA RTX 4080 Super,MSI MAG B650 Tomahawk,32GB DDR5,4K,Yes,4%,General / Low
BUILD_1828,Intel Core i7-14700K,AMD Radeon RX 7900 XT,ASUS ROG Strix Z790,32GB DDR5,1440p,Yes,5%,General / Low
BUILD_1829,AMD Ryzen 5 8600G,NVIDIA RTX 4060,MSI MAG B650 Tomahawk,16GB DDR5,1080p,Yes,9%,General / Low
BUILD_1830,Intel Core i5-12600K,AMD Radeon RX 6800,ASRock B760M,32GB DDR4,1440p,Yes,6%,General / Low
BUILD_1831,AMD Ryzen 7 9700X,NVIDIA RTX 4070 Ti Super,MSI MAG B650 Tomahawk,32GB DDR5,1440p,Yes,3%,General / Low
BUILD_1832,Intel Core i3-14100F,NVIDIA RTX 3060,ASRock B760M,16GB DDR5,1080p,Yes,8%,General / Low
BUILD_1833,AMD Ryzen 5 7600X,AMD Radeon RX 7600 XT,MSI MAG B650 Tomahawk,16GB DDR5,1080p,Yes,6%,General / Low
BUILD_1834,Intel Core i9-12900K,NVIDIA RTX 3090 Ti,ASUS ROG Strix Z790,32GB DDR5,1440p,Yes,5%,General / Low
BUILD_1835,AMD Ryzen 7 5700X,NVIDIA RTX 4070,Gigabyte B550 AORUS Elite,32GB DDR4,1440p,Yes,8%,General / Low
BUILD_1836,AMD Ryzen 5 3600,AMD Radeon RX 6600 XT,Gigabyte B550 AORUS Elite,16GB DDR4,1080p,Yes,9%,General / Low
BUILD_1837,Intel Core i5-14400F,NVIDIA RTX 4070,ASRock B760M,32GB DDR5,1440p,Yes,7%,General / Low
BUILD_1838,AMD Ryzen 7 7800X3D,NVIDIA RTX 4070 Super,MSI MAG B650 Tomahawk,32GB DDR5,1440p,Yes,3%,General / Low
BUILD_1839,Intel Core i3-12100F,AMD Radeon RX 6600,ASUS ROG Strix Z790,16GB DDR4,1080p,Yes,7%,General / Low
BUILD_1840,AMD Ryzen 5 5600X,NVIDIA RTX 4060 Ti,Gigabyte B550 AORUS Elite,32GB DDR4,1080p,Yes,8%,General / Low
BUILD_1841,Intel Core i9-13900K,NVIDIA RTX 4090,ASUS ROG Strix Z790,64GB DDR5,4K,Yes,3%,General / Low
BUILD_1842,AMD Ryzen 7 7700X,AMD Radeon RX 7800 XT,MSI MAG B650 Tomahawk,32GB DDR5,1440p,Yes,4%,General / Low
BUILD_1843,AMD Ryzen 5 7500F,NVIDIA RTX 4060 Ti,MSI MAG B650 Tomahawk,16GB DDR5,1080p,Yes,5%,General / Low
BUILD_1844,Intel Core i5-12400,AMD Radeon RX 7600,ASRock B760M,16GB DDR4,1080p,Yes,6%,General / Low
BUILD_1845,AMD Ryzen 7 5800X3D,NVIDIA RTX 4070 Ti,Gigabyte B550 AORUS Elite,32GB DDR4,1440p,Yes,5%,General / Low
BUILD_1846,AMD Ryzen 5 5600,NVIDIA RTX 3060,Gigabyte B550 AORUS Elite,16GB DDR4,1080p,Yes,5%,General / Low
BUILD_1847,Intel Core i7-14700K,NVIDIA RTX 4080 Super,ASUS ROG Strix Z790,32GB DDR5,4K,Yes,3%,General / Low
BUILD_1848,AMD Ryzen 9 7950X3D,NVIDIA RTX 4090,MSI MAG B650 Tomahawk,64GB DDR5,4K,Yes,2%,General / Low
BUILD_1849,Intel Core i5-13600K,AMD Radeon RX 7700 XT,ASRock B760M,32GB DDR5,1440p,Yes,6%,General / Low
BUILD_1850,Intel Core i3-13100F,AMD Radeon RX 6600,ASRock B760M,16GB DDR5,1080p,Yes,6%,General / Low
BUILD_1851,AMD Ryzen 5 7600X,NVIDIA RTX 4070 Super,MSI MAG B650 Tomahawk,32GB DDR5,1440p,Yes,4%,General / Low
BUILD_1852,AMD Ryzen 7 7800X3D,NVIDIA RTX 4090,MSI MAG B650 Tomahawk,32GB DDR5,4K,Yes,3%,General / Low
BUILD_1853,Intel Core i5-13600K,NVIDIA RTX 4070 Ti,ASRock B760M,32GB DDR5,1440p,Yes,6%,General / Low
BUILD_1854,AMD Ryzen 5 7600X,AMD Radeon RX 7700 XT,MSI MAG B650 Tomahawk,32GB DDR5,1440p,Yes,5%,General / Low
BUILD_1855,Intel Core i9-14900K,NVIDIA RTX 4080 Super,ASUS ROG Strix Z790,64GB DDR5,4K,Yes,4%,General / Low
BUILD_1856,AMD Ryzen 7 5700X3D,AMD Radeon RX 7800 XT,Gigabyte B550 AORUS Elite,32GB DDR4,1440p,Yes,7%,General / Low
BUILD_1857,Intel Core i3-12100F,NVIDIA RTX 3050,ASRock B760M,16GB DDR4,1080p,Yes,9%,General / Low
BUILD_1858,AMD Ryzen 7 7700X,NVIDIA RTX 4070,MSI MAG B650 Tomahawk,32GB DDR5,1440p,Yes,5%,General / Low
BUILD_1859,Intel Core i9-13900K,AMD Radeon RX 7900 XTX,ASUS ROG Strix Z790,64GB DDR5,4K,Yes,3%,General / Low
BUILD_1860,AMD Ryzen 5 7600,NVIDIA RTX 4060,MSI MAG B650 Tomahawk,16GB DDR5,1080p,Yes,7%,General / Low
BUILD_1861,Intel Core i5-14600K,AMD Radeon RX 7800 XT,ASRock B760M,32GB DDR5,1440p,Yes,4%,General / Low
BUILD_1862,AMD Ryzen 7 5800X,NVIDIA RTX 3070 Ti,Gigabyte B550 AORUS Elite,32GB DDR4,1440p,Yes,6%,General / Low
BUILD_1863,Intel Core i9-14900K,NVIDIA RTX 4090,ASUS ROG Strix Z790,64GB DDR5,4K,Yes,2%,General / Low
BUILD_1864,AMD Ryzen 7 7800X3D,AMD Radeon RX 7900 GRE,MSI MAG B650 Tomahawk,32GB DDR5,1440p,Yes,4%,General / Low
BUILD_1865,AMD Ryzen 9 9900X,NVIDIA RTX 4080 Super,MSI MAG B650 Tomahawk,32GB DDR5,4K,Yes,4%,General / Low
BUILD_1866,Intel Core i7-14700K,AMD Radeon RX 7900 XT,ASUS ROG Strix Z790,32GB DDR5,1440p,Yes,5%,General / Low
BUILD_1867,AMD Ryzen 5 8600G,NVIDIA RTX 4060,MSI MAG B650 Tomahawk,16GB DDR5,1080p,Yes,9%,General / Low
BUILD_1868,Intel Core i5-12600K,AMD Radeon RX 6800,ASRock B760M,32GB DDR4,1440p,Yes,6%,General / Low
BUILD_1869,AMD Ryzen 7 9700X,NVIDIA RTX 4070 Ti Super,MSI MAG B650 Tomahawk,32GB DDR5,1440p,Yes,3%,General / Low
BUILD_1870,Intel Core i3-14100F,NVIDIA RTX 3060,ASRock B760M,16GB DDR5,1080p,Yes,8%,General / Low
BUILD_1871,AMD Ryzen 5 7600X,AMD Radeon RX 7600 XT,MSI MAG B650 Tomahawk,16GB DDR5,1080p,Yes,6%,General / Low
BUILD_1872,Intel Core i9-12900K,NVIDIA RTX 3090 Ti,ASUS ROG Strix Z790,32GB DDR5,1440p,Yes,5%,General / Low
BUILD_1873,AMD Ryzen 7 5700X,NVIDIA RTX 4070,Gigabyte B550 AORUS Elite,32GB DDR4,1440p,Yes,8%,General / Low
BUILD_1874,AMD Ryzen 5 3600,AMD Radeon RX 6600 XT,Gigabyte B550 AORUS Elite,16GB DDR4,1080p,Yes,9%,General / Low
BUILD_1875,Intel Core i5-14400F,NVIDIA RTX 4070,ASRock B760M,32GB DDR5,1440p,Yes,7%,General / Low
BUILD_1876,AMD Ryzen 7 7800X3D,NVIDIA RTX 4070 Super,MSI MAG B650 Tomahawk,32GB DDR5,1440p,Yes,3%,General / Low
BUILD_1877,Intel Core i3-12100F,AMD Radeon RX 6600,ASUS ROG Strix Z790,16GB DDR4,1080p,Yes,7%,General / Low
BUILD_1878,AMD Ryzen 5 5600X,NVIDIA RTX 4060 Ti,Gigabyte B550 AORUS Elite,32GB DDR4,1080p,Yes,8%,General / Low
BUILD_1879,Intel Core i9-13900K,NVIDIA RTX 4090,ASUS ROG Strix Z790,64GB DDR5,4K,Yes,3%,General / Low
BUILD_1880,AMD Ryzen 7 7700X,AMD Radeon RX 7800 XT,MSI MAG B650 Tomahawk,32GB DDR5,1440p,Yes,4%,General / Low
BUILD_1881,AMD Ryzen 5 7500F,NVIDIA RTX 4060 Ti,MSI MAG B650 Tomahawk,16GB DDR5,1080p,Yes,5%,General / Low
BUILD_1882,Intel Core i5-12400,AMD Radeon RX 7600,ASRock B760M,16GB DDR4,1080p,Yes,6%,General / Low
BUILD_1883,AMD Ryzen 7 5800X3D,NVIDIA RTX 4070 Ti,Gigabyte B550 AORUS Elite,32GB DDR4,1440p,Yes,5%,General / Low
BUILD_1884,AMD Ryzen 5 5600,NVIDIA RTX 3060,Gigabyte B550 AORUS Elite,16GB DDR4,1080p,Yes,5%,General / Low
BUILD_1885,Intel Core i7-14700K,NVIDIA RTX 4080 Super,ASUS ROG Strix Z790,32GB DDR5,4K,Yes,3%,General / Low
BUILD_1886,AMD Ryzen 9 7950X3D,NVIDIA RTX 4090,MSI MAG B650 Tomahawk,64GB DDR5,4K,Yes,2%,General / Low
BUILD_1887,Intel Core i5-13600K,AMD Radeon RX 7700 XT,ASRock B760M,32GB DDR5,1440p,Yes,6%,General / Low
BUILD_1888,Intel Core i3-13100F,AMD Radeon RX 6600,ASRock B760M,16GB DDR5,1080p,Yes,6%,General / Low
BUILD_1889,AMD Ryzen 5 7600X,NVIDIA RTX 4070 Super,MSI MAG B650 Tomahawk,32GB DDR5,1440p,Yes,4%,General / Low
BUILD_1890,AMD Ryzen 7 7800X3D,NVIDIA RTX 4090,MSI MAG B650 Tomahawk,32GB DDR5,4K,Yes,3%,General / Low
BUILD_1891,Intel Core i5-13600K,NVIDIA RTX 4070 Ti,ASRock B760M,32GB DDR5,1440p,Yes,6%,General / Low
BUILD_1892,AMD Ryzen 5 7600X,AMD Radeon RX 7700 XT,MSI MAG B650 Tomahawk,32GB DDR5,1440p,Yes,5%,General / Low
BUILD_1893,Intel Core i9-14900K,NVIDIA RTX 4080 Super,ASUS ROG Strix Z790,64GB DDR5,4K,Yes,4%,General / Low
BUILD_1894,AMD Ryzen 7 5700X3D,AMD Radeon RX 7800 XT,Gigabyte B550 AORUS Elite,32GB DDR4,1440p,Yes,7%,General / Low
BUILD_1895,Intel Core i3-12100F,NVIDIA RTX 3050,ASRock B760M,16GB DDR4,1080p,Yes,9%,General / Low
BUILD_1896,AMD Ryzen 7 7700X,NVIDIA RTX 4070,MSI MAG B650 Tomahawk,32GB DDR5,1440p,Yes,5%,General / Low
BUILD_1897,Intel Core i9-13900K,AMD Radeon RX 7900 XTX,ASUS ROG Strix Z790,64GB DDR5,4K,Yes,3%,General / Low
BUILD_1898,AMD Ryzen 5 7600,NVIDIA RTX 4060,MSI MAG B650 Tomahawk,16GB DDR5,1080p,Yes,7%,General / Low
BUILD_1899,Intel Core i5-14600K,AMD Radeon RX 7800 XT,ASRock B760M,32GB DDR5,1440p,Yes,4%,General / Low
BUILD_1900,AMD Ryzen 7 5800X,NVIDIA RTX 3070 Ti,Gigabyte B550 AORUS Elite,32GB DDR4,1440p,Yes,6%,General / Low
BUILD_1901,Intel Core i9-14900K,NVIDIA RTX 4090,ASUS ROG Strix Z790,64GB DDR5,4K,Yes,2%,General / Low
BUILD_1902,AMD Ryzen 7 7800X3D,AMD Radeon RX 7900 GRE,MSI MAG B650 Tomahawk,32GB DDR5,1440p,Yes,4%,General / Low
BUILD_1903,AMD Ryzen 9 9900X,NVIDIA RTX 4080 Super,MSI MAG B650 Tomahawk,32GB DDR5,4K,Yes,4%,General / Low
BUILD_1904,Intel Core i7-14700K,AMD Radeon RX 7900 XT,ASUS ROG Strix Z790,32GB DDR5,1440p,Yes,5%,General / Low
BUILD_1905,AMD Ryzen 5 8600G,NVIDIA RTX 4060,MSI MAG B650 Tomahawk,16GB DDR5,1080p,Yes,9%,General / Low
BUILD_1906,Intel Core i5-12600K,AMD Radeon RX 6800,ASRock B760M,32GB DDR4,1440p,Yes,6%,General / Low
BUILD_1907,AMD Ryzen 7 9700X,NVIDIA RTX 4070 Ti Super,MSI MAG B650 Tomahawk,32GB DDR5,1440p,Yes,3%,General / Low
BUILD_1908,Intel Core i3-14100F,NVIDIA RTX 3060,ASRock B760M,16GB DDR5,1080p,Yes,8%,General / Low
BUILD_1909,AMD Ryzen 5 7600X,AMD Radeon RX 7600 XT,MSI MAG B650 Tomahawk,16GB DDR5,1080p,Yes,6%,General / Low
BUILD_1910,Intel Core i9-12900K,NVIDIA RTX 3090 Ti,ASUS ROG Strix Z790,32GB DDR5,1440p,Yes,5%,General / Low
BUILD_1911,AMD Ryzen 7 5700X,NVIDIA RTX 4070,Gigabyte B550 AORUS Elite,32GB DDR4,1440p,Yes,8%,General / Low
BUILD_1912,AMD Ryzen 5 3600,AMD Radeon RX 6600 XT,Gigabyte B550 AORUS Elite,16GB DDR4,1080p,Yes,9%,General / Low
BUILD_1913,Intel Core i5-14400F,NVIDIA RTX 4070,ASRock B760M,32GB DDR5,1440p,Yes,7%,General / Low
BUILD_1914,AMD Ryzen 7 7800X3D,NVIDIA RTX 4070 Super,MSI MAG B650 Tomahawk,32GB DDR5,1440p,Yes,3%,General / Low
BUILD_1915,Intel Core i3-12100F,AMD Radeon RX 6600,ASUS ROG Strix Z790,16GB DDR4,1080p,Yes,7%,General / Low
BUILD_1916,AMD Ryzen 5 5600X,NVIDIA RTX 4060 Ti,Gigabyte B550 AORUS Elite,32GB DDR4,1080p,Yes,8%,General / Low
BUILD_1917,Intel Core i9-13900K,NVIDIA RTX 4090,ASUS ROG Strix Z790,64GB DDR5,4K,Yes,3%,General / Low
BUILD_1918,AMD Ryzen 7 7700X,AMD Radeon RX 7800 XT,MSI MAG B650 Tomahawk,32GB DDR5,1440p,Yes,4%,General / Low
BUILD_1919,AMD Ryzen 5 7500F,NVIDIA RTX 4060 Ti,MSI MAG B650 Tomahawk,16GB DDR5,1080p,Yes,5%,General / Low
BUILD_1920,Intel Core i5-12400,AMD Radeon RX 7600,ASRock B760M,16GB DDR4,1080p,Yes,6%,General / Low
BUILD_1921,AMD Ryzen 7 5800X3D,NVIDIA RTX 4070 Ti,Gigabyte B550 AORUS Elite,32GB DDR4,1440p,Yes,5%,General / Low
BUILD_1922,AMD Ryzen 5 5600,NVIDIA RTX 3060,Gigabyte B550 AORUS Elite,16GB DDR4,1080p,Yes,5%,General / Low
BUILD_1923,Intel Core i7-14700K,NVIDIA RTX 4080 Super,ASUS ROG Strix Z790,32GB DDR5,4K,Yes,3%,General / Low
BUILD_1924,AMD Ryzen 9 7950X3D,NVIDIA RTX 4090,MSI MAG B650 Tomahawk,64GB DDR5,4K,Yes,2%,General / Low
BUILD_1925,Intel Core i5-13600K,AMD Radeon RX 7700 XT,ASRock B760M,32GB DDR5,1440p,Yes,6%,General / Low
BUILD_1926,Intel Core i3-13100F,AMD Radeon RX 6600,ASRock B760M,16GB DDR5,1080p,Yes,6%,General / Low
BUILD_1927,AMD Ryzen 5 7600X,NVIDIA RTX 4070 Super,MSI MAG B650 Tomahawk,32GB DDR5,1440p,Yes,4%,General / Low
BUILD_1928,AMD Ryzen 7 7800X3D,NVIDIA RTX 4090,MSI MAG B650 Tomahawk,32GB DDR5,4K,Yes,3%,General / Low
BUILD_1929,Intel Core i5-13600K,NVIDIA RTX 4070 Ti,ASRock B760M,32GB DDR5,1440p,Yes,6%,General / Low
BUILD_1930,AMD Ryzen 5 7600X,AMD Radeon RX 7700 XT,MSI MAG B650 Tomahawk,32GB DDR5,1440p,Yes,5%,General / Low
BUILD_1931,Intel Core i9-14900K,NVIDIA RTX 4080 Super,ASUS ROG Strix Z790,64GB DDR5,4K,Yes,4%,General / Low
BUILD_1932,AMD Ryzen 7 5700X3D,AMD Radeon RX 7800 XT,Gigabyte B550 AORUS Elite,32GB DDR4,1440p,Yes,7%,General / Low
BUILD_1933,Intel Core i3-12100F,NVIDIA RTX 3050,ASRock B760M,16GB DDR4,1080p,Yes,9%,General / Low
BUILD_1934,AMD Ryzen 7 7700X,NVIDIA RTX 4070,MSI MAG B650 Tomahawk,32GB DDR5,1440p,Yes,5%,General / Low
BUILD_1935,Intel Core i9-13900K,AMD Radeon RX 7900 XTX,ASUS ROG Strix Z790,64GB DDR5,4K,Yes,3%,General / Low
BUILD_1936,AMD Ryzen 5 7600,NVIDIA RTX 4060,MSI MAG B650 Tomahawk,16GB DDR5,1080p,Yes,7%,General / Low
BUILD_1937,Intel Core i5-14600K,AMD Radeon RX 7800 XT,ASRock B760M,32GB DDR5,1440p,Yes,4%,General / Low
BUILD_1938,AMD Ryzen 7 5800X,NVIDIA RTX 3070 Ti,Gigabyte B550 AORUS Elite,32GB DDR4,1440p,Yes,6%,General / Low
BUILD_1939,Intel Core i9-14900K,NVIDIA RTX 4090,ASUS ROG Strix Z790,64GB DDR5,4K,Yes,2%,General / Low
BUILD_1940,AMD Ryzen 7 7800X3D,AMD Radeon RX 7900 GRE,MSI MAG B650 Tomahawk,32GB DDR5,1440p,Yes,4%,General / Low
BUILD_1941,AMD Ryzen 9 9900X,NVIDIA RTX 4080 Super,MSI MAG B650 Tomahawk,32GB DDR5,4K,Yes,4%,General / Low
BUILD_1942,Intel Core i7-14700K,AMD Radeon RX 7900 XT,ASUS ROG Strix Z790,32GB DDR5,1440p,Yes,5%,General / Low
BUILD_1943,AMD Ryzen 5 8600G,NVIDIA RTX 4060,MSI MAG B650 Tomahawk,16GB DDR5,1080p,Yes,9%,General / Low
BUILD_1944,Intel Core i5-12600K,AMD Radeon RX 6800,ASRock B760M,32GB DDR4,1440p,Yes,6%,General / Low
BUILD_1945,AMD Ryzen 7 9700X,NVIDIA RTX 4070 Ti Super,MSI MAG B650 Tomahawk,32GB DDR5,1440p,Yes,3%,General / Low
BUILD_1946,Intel Core i3-14100F,NVIDIA RTX 3060,ASRock B760M,16GB DDR5,1080p,Yes,8%,General / Low
BUILD_1947,AMD Ryzen 5 7600X,AMD Radeon RX 7600 XT,MSI MAG B650 Tomahawk,16GB DDR5,1080p,Yes,6%,General / Low
BUILD_1948,Intel Core i9-12900K,NVIDIA RTX 3090 Ti,ASUS ROG Strix Z790,32GB DDR5,1440p,Yes,5%,General / Low
BUILD_1949,AMD Ryzen 7 5700X,NVIDIA RTX 4070,Gigabyte B550 AORUS Elite,32GB DDR4,1440p,Yes,8%,General / Low
BUILD_1950,AMD Ryzen 5 3600,AMD Radeon RX 6600 XT,Gigabyte B550 AORUS Elite,16GB DDR4,1080p,Yes,9%,General / Low
BUILD_1951,Intel Core i5-14400F,NVIDIA RTX 4070,ASRock B760M,32GB DDR5,1440p,Yes,7%,General / Low
BUILD_1952,AMD Ryzen 7 7800X3D,NVIDIA RTX 4070 Super,MSI MAG B650 Tomahawk,32GB DDR5,1440p,Yes,3%,General / Low
BUILD_1953,Intel Core i3-12100F,AMD Radeon RX 6600,ASUS ROG Strix Z790,16GB DDR4,1080p,Yes,7%,General / Low
BUILD_1954,AMD Ryzen 5 5600X,NVIDIA RTX 4060 Ti,Gigabyte B550 AORUS Elite,32GB DDR4,1080p,Yes,8%,General / Low
BUILD_1955,Intel Core i9-13900K,NVIDIA RTX 4090,ASUS ROG Strix Z790,64GB DDR5,4K,Yes,3%,General / Low
BUILD_1956,AMD Ryzen 7 7700X,AMD Radeon RX 7800 XT,MSI MAG B650 Tomahawk,32GB DDR5,1440p,Yes,4%,General / Low
BUILD_1957,AMD Ryzen 5 7500F,NVIDIA RTX 4060 Ti,MSI MAG B650 Tomahawk,16GB DDR5,1080p,Yes,5%,General / Low
BUILD_1958,Intel Core i5-12400,AMD Radeon RX 7600,ASRock B760M,16GB DDR4,1080p,Yes,6%,General / Low
BUILD_1959,AMD Ryzen 7 5800X3D,NVIDIA RTX 4070 Ti,Gigabyte B550 AORUS Elite,32GB DDR4,1440p,Yes,5%,General / Low
BUILD_1960,AMD Ryzen 5 5600,NVIDIA RTX 3060,Gigabyte B550 AORUS Elite,16GB DDR4,1080p,Yes,5%,General / Low
BUILD_1961,Intel Core i7-14700K,NVIDIA RTX 4080 Super,ASUS ROG Strix Z790,32GB DDR5,4K,Yes,3%,General / Low
BUILD_1962,AMD Ryzen 9 7950X3D,NVIDIA RTX 4090,MSI MAG B650 Tomahawk,64GB DDR5,4K,Yes,2%,General / Low
BUILD_1963,Intel Core i5-13600K,AMD Radeon RX 7700 XT,ASRock B760M,32GB DDR5,1440p,Yes,6%,General / Low
BUILD_1964,Intel Core i3-13100F,AMD Radeon RX 6600,ASRock B760M,16GB DDR5,1080p,Yes,6%,General / Low
BUILD_1965,AMD Ryzen 5 7600X,NVIDIA RTX 4070 Super,MSI MAG B650 Tomahawk,32GB DDR5,1440p,Yes,4%,General / Low
BUILD_1966,AMD Ryzen 7 7800X3D,NVIDIA RTX 4090,MSI MAG B650 Tomahawk,32GB DDR5,4K,Yes,3%,General / Low
BUILD_1967,Intel Core i5-13600K,NVIDIA RTX 4070 Ti,ASRock B760M,32GB DDR5,1440p,Yes,6%,General / Low
BUILD_1968,AMD Ryzen 5 7600X,AMD Radeon RX 7700 XT,MSI MAG B650 Tomahawk,32GB DDR5,1440p,Yes,5%,General / Low
BUILD_1969,Intel Core i9-14900K,NVIDIA RTX 4080 Super,ASUS ROG Strix Z790,64GB DDR5,4K,Yes,4%,General / Low
BUILD_1970,AMD Ryzen 7 5700X3D,AMD Radeon RX 7800 XT,Gigabyte B550 AORUS Elite,32GB DDR4,1440p,Yes,7%,General / Low
BUILD_1971,Intel Core i3-12100F,NVIDIA RTX 3050,ASRock B760M,16GB DDR4,1080p,Yes,9%,General / Low
BUILD_1972,AMD Ryzen 7 7700X,NVIDIA RTX 4070,MSI MAG B650 Tomahawk,32GB DDR5,1440p,Yes,5%,General / Low
BUILD_1973,Intel Core i9-13900K,AMD Radeon RX 7900 XTX,ASUS ROG Strix Z790,64GB DDR5,4K,Yes,3%,General / Low
BUILD_1974,AMD Ryzen 5 7600,NVIDIA RTX 4060,MSI MAG B650 Tomahawk,16GB DDR5,1080p,Yes,7%,General / Low
BUILD_1975,Intel Core i5-14600K,AMD Radeon RX 7800 XT,ASRock B760M,32GB DDR5,1440p,Yes,4%,General / Low
BUILD_1976,AMD Ryzen 7 5800X,NVIDIA RTX 3070 Ti,Gigabyte B550 AORUS Elite,32GB DDR4,1440p,Yes,6%,General / Low
BUILD_1977,Intel Core i9-14900K,NVIDIA RTX 4090,ASUS ROG Strix Z790,64GB DDR5,4K,Yes,2%,General / Low
BUILD_1978,AMD Ryzen 7 7800X3D,AMD Radeon RX 7900 GRE,MSI MAG B650 Tomahawk,32GB DDR5,1440p,Yes,4%,General / Low
BUILD_1979,AMD Ryzen 9 9900X,NVIDIA RTX 4080 Super,MSI MAG B650 Tomahawk,32GB DDR5,4K,Yes,4%,General / Low
BUILD_1980,Intel Core i7-14700K,AMD Radeon RX 7900 XT,ASUS ROG Strix Z790,32GB DDR5,1440p,Yes,5%,General / Low
BUILD_1981,AMD Ryzen 5 8600G,NVIDIA RTX 4060,MSI MAG B650 Tomahawk,16GB DDR5,1080p,Yes,9%,General / Low
BUILD_1982,Intel Core i5-12600K,AMD Radeon RX 6800,ASRock B760M,32GB DDR4,1440p,Yes,6%,General / Low
BUILD_1983,AMD Ryzen 7 9700X,NVIDIA RTX 4070 Ti Super,MSI MAG B650 Tomahawk,32GB DDR5,1440p,Yes,3%,General / Low
BUILD_1984,Intel Core i3-14100F,NVIDIA RTX 3060,ASRock B760M,16GB DDR5,1080p,Yes,8%,General / Low
BUILD_1985,AMD Ryzen 5 7600X,AMD Radeon RX 7600 XT,MSI MAG B650 Tomahawk,16GB DDR5,1080p,Yes,6%,General / Low
BUILD_1986,Intel Core i9-12900K,NVIDIA RTX 3090 Ti,ASUS ROG Strix Z790,32GB DDR5,1440p,Yes,5%,General / Low
BUILD_1987,AMD Ryzen 7 5700X,NVIDIA RTX 4070,Gigabyte B550 AORUS Elite,32GB DDR4,1440p,Yes,8%,General / Low
BUILD_1988,AMD Ryzen 5 3600,AMD Radeon RX 6600 XT,Gigabyte B550 AORUS Elite,16GB DDR4,1080p,Yes,9%,General / Low
BUILD_1989,Intel Core i5-14400F,NVIDIA RTX 4070,ASRock B760M,32GB DDR5,1440p,Yes,7%,General / Low
BUILD_1990,AMD Ryzen 7 7800X3D,NVIDIA RTX 4070 Super,MSI MAG B650 Tomahawk,32GB DDR5,1440p,Yes,3%,General / Low
BUILD_1991,Intel Core i3-12100F,AMD Radeon RX 6600,ASUS ROG Strix Z790,16GB DDR4,1080p,Yes,7%,General / Low
BUILD_1992,AMD Ryzen 5 5600X,NVIDIA RTX 4060 Ti,Gigabyte B550 AORUS Elite,32GB DDR4,1080p,Yes,8%,General / Low
BUILD_1993,Intel Core i9-13900K,NVIDIA RTX 4090,ASUS ROG Strix Z790,64GB DDR5,4K,Yes,3%,General / Low
BUILD_1994,AMD Ryzen 7 7700X,AMD Radeon RX 7800 XT,MSI MAG B650 Tomahawk,32GB DDR5,1440p,Yes,4%,General / Low
BUILD_1995,AMD Ryzen 5 7500F,NVIDIA RTX 4060 Ti,MSI MAG B650 Tomahawk,16GB DDR5,1080p,Yes,5%,General / Low
BUILD_1996,Intel Core i5-12400,AMD Radeon RX 7600,ASRock B760M,16GB DDR4,1080p,Yes,6%,General / Low
BUILD_1997,AMD Ryzen 7 5800X3D,NVIDIA RTX 4070 Ti,Gigabyte B550 AORUS Elite,32GB DDR4,1440p,Yes,5%,General / Low
BUILD_1998,AMD Ryzen 5 5600,NVIDIA RTX 3060,Gigabyte B550 AORUS Elite,16GB DDR4,1080p,Yes,5%,General / Low
BUILD_1999,Intel Core i7-14700K,NVIDIA RTX 4080 Super,ASUS ROG Strix Z790,32GB DDR5,4K,Yes,3%,General / Low
BUILD_2000,AMD Ryzen 9 7950X3D,NVIDIA RTX 4090,MSI MAG B650 Tomahawk,64GB DDR5,4K,Yes,2%,General / Low
BUILD_2001,Intel Core i5-13600K,AMD Radeon RX 7700 XT,ASRock B760M,32GB DDR5,1440p,Yes,6%,General / Low
BUILD_2002,Intel Core i3-13100F,AMD Radeon RX 6600,ASRock B760M,16GB DDR5,1080p,Yes,6%,General / Low
BUILD_2003,AMD Ryzen 5 7600X,NVIDIA RTX 4070 Super,MSI MAG B650 Tomahawk,32GB DDR5,1440p,Yes,4%,General / Low
BUILD_2004,AMD Ryzen 7 7800X3D,NVIDIA RTX 4090,MSI MAG B650 Tomahawk,32GB DDR5,4K,Yes,3%,General / Low
BUILD_2005,Intel Core i5-13600K,NVIDIA RTX 4070 Ti,ASRock B760M,32GB DDR5,1440p,Yes,6%,General / Low
BUILD_2006,AMD Ryzen 5 7600X,AMD Radeon RX 7700 XT,MSI MAG B650 Tomahawk,32GB DDR5,1440p,Yes,5%,General / Low
BUILD_2007,Intel Core i9-14900K,NVIDIA RTX 4080 Super,ASUS ROG Strix Z790,64GB DDR5,4K,Yes,4%,General / Low
BUILD_2008,AMD Ryzen 7 5700X3D,AMD Radeon RX 7800 XT,Gigabyte B550 AORUS Elite,32GB DDR4,1440p,Yes,7%,General / Low
BUILD_2009,Intel Core i3-12100F,NVIDIA RTX 3050,ASRock B760M,16GB DDR4,1080p,Yes,9%,General / Low
BUILD_2010,AMD Ryzen 7 7700X,NVIDIA RTX 4070,MSI MAG B650 Tomahawk,32GB DDR5,1440p,Yes,5%,General / Low
BUILD_2011,Intel Core i9-13900K,AMD Radeon RX 7900 XTX,ASUS ROG Strix Z790,64GB DDR5,4K,Yes,3%,General / Low
BUILD_2012,AMD Ryzen 5 7600,NVIDIA RTX 4060,MSI MAG B650 Tomahawk,16GB DDR5,1080p,Yes,7%,General / Low
BUILD_2013,Intel Core i5-14600K,AMD Radeon RX 7800 XT,ASRock B760M,32GB DDR5,1440p,Yes,4%,General / Low
BUILD_2014,AMD Ryzen 7 5800X,NVIDIA RTX 3070 Ti,Gigabyte B550 AORUS Elite,32GB DDR4,1440p,Yes,6%,General / Low
BUILD_2015,Intel Core i9-14900K,NVIDIA RTX 4090,ASUS ROG Strix Z790,64GB DDR5,4K,Yes,2%,General / Low
BUILD_2016,AMD Ryzen 7 7800X3D,AMD Radeon RX 7900 GRE,MSI MAG B650 Tomahawk,32GB DDR5,1440p,Yes,4%,General / Low
BUILD_2017,AMD Ryzen 9 9900X,NVIDIA RTX 4080 Super,MSI MAG B650 Tomahawk,32GB DDR5,4K,Yes,4%,General / Low
BUILD_2018,Intel Core i7-14700K,AMD Radeon RX 7900 XT,ASUS ROG Strix Z790,32GB DDR5,1440p,Yes,5%,General / Low
BUILD_2019,AMD Ryzen 5 8600G,NVIDIA RTX 4060,MSI MAG B650 Tomahawk,16GB DDR5,1080p,Yes,9%,General / Low
BUILD_2020,Intel Core i5-12600K,AMD Radeon RX 6800,ASRock B760M,32GB DDR4,1440p,Yes,6%,General / Low
BUILD_2021,AMD Ryzen 7 9700X,NVIDIA RTX 4070 Ti Super,MSI MAG B650 Tomahawk,32GB DDR5,1440p,Yes,3%,General / Low
BUILD_2022,Intel Core i3-14100F,NVIDIA RTX 3060,ASRock B760M,16GB DDR5,1080p,Yes,8%,General / Low
BUILD_2023,AMD Ryzen 5 7600X,AMD Radeon RX 7600 XT,MSI MAG B650 Tomahawk,16GB DDR5,1080p,Yes,6%,General / Low
BUILD_2024,Intel Core i9-12900K,NVIDIA RTX 3090 Ti,ASUS ROG Strix Z790,32GB DDR5,1440p,Yes,5%,General / Low
BUILD_2025,AMD Ryzen 7 5700X,NVIDIA RTX 4070,Gigabyte B550 AORUS Elite,32GB DDR4,1440p,Yes,8%,General / Low
BUILD_2026,AMD Ryzen 5 3600,AMD Radeon RX 6600 XT,Gigabyte B550 AORUS Elite,16GB DDR4,1080p,Yes,9%,General / Low
BUILD_2027,Intel Core i5-14400F,NVIDIA RTX 4070,ASRock B760M,32GB DDR5,1440p,Yes,7%,General / Low
BUILD_2028,AMD Ryzen 7 7800X3D,NVIDIA RTX 4070 Super,MSI MAG B650 Tomahawk,32GB DDR5,1440p,Yes,3%,General / Low
BUILD_2029,Intel Core i3-12100F,AMD Radeon RX 6600,ASUS ROG Strix Z790,16GB DDR4,1080p,Yes,7%,General / Low
BUILD_2030,AMD Ryzen 5 5600X,NVIDIA RTX 4060 Ti,Gigabyte B550 AORUS Elite,32GB DDR4,1080p,Yes,8%,General / Low
BUILD_2031,Intel Core i9-13900K,NVIDIA RTX 4090,ASUS ROG Strix Z790,64GB DDR5,4K,Yes,3%,General / Low
BUILD_2032,AMD Ryzen 7 7700X,AMD Radeon RX 7800 XT,MSI MAG B650 Tomahawk,32GB DDR5,1440p,Yes,4%,General / Low
BUILD_2033,AMD Ryzen 5 7500F,NVIDIA RTX 4060 Ti,MSI MAG B650 Tomahawk,16GB DDR5,1080p,Yes,5%,General / Low
BUILD_2034,Intel Core i5-12400,AMD Radeon RX 7600,ASRock B760M,16GB DDR4,1080p,Yes,6%,General / Low
BUILD_2035,AMD Ryzen 7 5800X3D,NVIDIA RTX 4070 Ti,Gigabyte B550 AORUS Elite,32GB DDR4,1440p,Yes,5%,General / Low
BUILD_2036,AMD Ryzen 5 5600,NVIDIA RTX 3060,Gigabyte B550 AORUS Elite,16GB DDR4,1080p,Yes,5%,General / Low
BUILD_2037,Intel Core i7-14700K,NVIDIA RTX 4080 Super,ASUS ROG Strix Z790,32GB DDR5,4K,Yes,3%,General / Low
BUILD_2038,AMD Ryzen 9 7950X3D,NVIDIA RTX 4090,MSI MAG B650 Tomahawk,64GB DDR5,4K,Yes,2%,General / Low
BUILD_2039,Intel Core i5-13600K,AMD Radeon RX 7700 XT,ASRock B760M,32GB DDR5,1440p,Yes,6%,General / Low
BUILD_2040,Intel Core i3-13100F,AMD Radeon RX 6600,ASRock B760M,16GB DDR5,1080p,Yes,6%,General / Low
BUILD_2041,AMD Ryzen 5 7600X,NVIDIA RTX 4070 Super,MSI MAG B650 Tomahawk,32GB DDR5,1440p,Yes,4%,General / Low
BUILD_2042,Intel Core i9-14900K,NVIDIA RTX 4090,ASUS ROG Strix Z790,64GB DDR5,4K,Yes,1%,General / Low
BUILD_2043,AMD Ryzen 7 7800X3D,NVIDIA RTX 4090,MSI MAG B650 Tomahawk,32GB DDR5,4K,Yes,3%,General / Low
BUILD_2044,Intel Core i5-13600K,NVIDIA RTX 4070 Ti,ASRock B760M,32GB DDR5,1440p,Yes,6%,General / Low
BUILD_2045,AMD Ryzen 5 7600X,AMD Radeon RX 7700 XT,MSI MAG B650 Tomahawk,32GB DDR5,1440p,Yes,5%,General / Low
BUILD_2046,Intel Core i9-14900K,NVIDIA RTX 4080 Super,ASUS ROG Strix Z790,64GB DDR5,4K,Yes,4%,General / Low
BUILD_2047,AMD Ryzen 7 5700X3D,AMD Radeon RX 7800 XT,Gigabyte B550 AORUS Elite,32GB DDR4,1440p,Yes,7%,General / Low
BUILD_2048,Intel Core i3-12100F,NVIDIA RTX 3050,ASRock B760M,16GB DDR4,1080p,Yes,9%,General / Low
BUILD_2049,AMD Ryzen 7 7700X,NVIDIA RTX 4070,MSI MAG B650 Tomahawk,32GB DDR5,1440p,Yes,5%,General / Low
BUILD_2050,Intel Core i9-13900K,AMD Radeon RX 7900 XTX,ASUS ROG Strix Z790,64GB DDR5,4K,Yes,3%,General / Low
BUILD_2051,AMD Ryzen 5 7600,NVIDIA RTX 4060,MSI MAG B650 Tomahawk,16GB DDR5,1080p,Yes,7%,General / Low
BUILD_2052,Intel Core i5-14600K,AMD Radeon RX 7800 XT,ASRock B760M,32GB DDR5,1440p,Yes,4%,General / Low
BUILD_2053,AMD Ryzen 7 5800X,NVIDIA RTX 3070 Ti,Gigabyte B550 AORUS Elite,32GB DDR4,1440p,Yes,6%,General / Low
BUILD_2054,Intel Core i9-14900K,NVIDIA RTX 4090,ASUS ROG Strix Z790,64GB DDR5,4K,Yes,2%,General / Low
BUILD_2055,AMD Ryzen 7 7800X3D,AMD Radeon RX 7900 GRE,MSI MAG B650 Tomahawk,32GB DDR5,1440p,Yes,4%,General / Low
BUILD_2056,AMD Ryzen 9 9900X,NVIDIA RTX 4080 Super,MSI MAG B650 Tomahawk,32GB DDR5,4K,Yes,4%,General / Low
BUILD_2057,Intel Core i7-14700K,AMD Radeon RX 7900 XT,ASUS ROG Strix Z790,32GB DDR5,1440p,Yes,5%,General / Low
BUILD_2058,AMD Ryzen 5 8600G,NVIDIA RTX 4060,MSI MAG B650 Tomahawk,16GB DDR5,1080p,Yes,9%,General / Low
BUILD_2059,Intel Core i5-12600K,AMD Radeon RX 6800,ASRock B760M,32GB DDR4,1440p,Yes,6%,General / Low
BUILD_2060,AMD Ryzen 7 9700X,NVIDIA RTX 4070 Ti Super,MSI MAG B650 Tomahawk,32GB DDR5,1440p,Yes,3%,General / Low
BUILD_2061,Intel Core i3-14100F,NVIDIA RTX 3060,ASRock B760M,16GB DDR5,1080p,Yes,8%,General / Low
BUILD_2062,AMD Ryzen 5 7600X,AMD Radeon RX 7600 XT,MSI MAG B650 Tomahawk,16GB DDR5,1080p,Yes,6%,General / Low
BUILD_2063,Intel Core i9-12900K,NVIDIA RTX 3090 Ti,ASUS ROG Strix Z790,32GB DDR5,1440p,Yes,5%,General / Low
BUILD_2064,AMD Ryzen 7 5700X,NVIDIA RTX 4070,Gigabyte B550 AORUS Elite,32GB DDR4,1440p,Yes,8%,General / Low
BUILD_2065,AMD Ryzen 5 3600,AMD Radeon RX 6600 XT,Gigabyte B550 AORUS Elite,16GB DDR4,1080p,Yes,9%,General / Low
BUILD_2066,Intel Core i5-14400F,NVIDIA RTX 4070,ASRock B760M,32GB DDR5,1440p,Yes,7%,General / Low
BUILD_2067,AMD Ryzen 7 7800X3D,NVIDIA RTX 4070 Super,MSI MAG B650 Tomahawk,32GB DDR5,1440p,Yes,3%,General / Low
BUILD_2068,Intel Core i3-12100F,AMD Radeon RX 6600,ASUS ROG Strix Z790,16GB DDR4,1080p,Yes,7%,General / Low
BUILD_2069,AMD Ryzen 5 5600X,NVIDIA RTX 4060 Ti,Gigabyte B550 AORUS Elite,32GB DDR4,1080p,Yes,8%,General / Low
BUILD_2070,Intel Core i9-13900K,NVIDIA RTX 4090,ASUS ROG Strix Z790,64GB DDR5,4K,Yes,3%,General / Low
BUILD_2071,AMD Ryzen 7 7700X,AMD Radeon RX 7800 XT,MSI MAG B650 Tomahawk,32GB DDR5,1440p,Yes,4%,General / Low
BUILD_2072,AMD Ryzen 5 7500F,NVIDIA RTX 4060 Ti,MSI MAG B650 Tomahawk,16GB DDR5,1080p,Yes,5%,General / Low
BUILD_2073,Intel Core i5-12400,AMD Radeon RX 7600,ASRock B760M,16GB DDR4,1080p,Yes,6%,General / Low
BUILD_2074,AMD Ryzen 7 5800X3D,NVIDIA RTX 4070 Ti,Gigabyte B550 AORUS Elite,32GB DDR4,1440p,Yes,5%,General / Low
BUILD_2075,AMD Ryzen 5 5600,NVIDIA RTX 3060,Gigabyte B550 AORUS Elite,16GB DDR4,1080p,Yes,5%,General / Low
BUILD_2076,Intel Core i7-14700K,NVIDIA RTX 4080 Super,ASUS ROG Strix Z790,32GB DDR5,4K,Yes,3%,General / Low
BUILD_2077,AMD Ryzen 9 7950X3D,NVIDIA RTX 4090,MSI MAG B650 Tomahawk,64GB DDR5,4K,Yes,2%,General / Low
BUILD_2078,Intel Core i5-13600K,AMD Radeon RX 7700 XT,ASRock B760M,32GB DDR5,1440p,Yes,6%,General / Low
BUILD_2079,Intel Core i3-13100F,AMD Radeon RX 6600,ASRock B760M,16GB DDR5,1080p,Yes,6%,General / Low
BUILD_2080,AMD Ryzen 5 7600X,NVIDIA RTX 4070 Super,MSI MAG B650 Tomahawk,32GB DDR5,1440p,Yes,4%,General / Low
BUILD_2081,AMD Ryzen 7 7800X3D,NVIDIA RTX 4090,MSI MAG B650 Tomahawk,32GB DDR5,4K,Yes,3%,General / Low
BUILD_2082,Intel Core i5-13600K,NVIDIA RTX 4070 Ti,ASRock B760M,32GB DDR5,1440p,Yes,6%,General / Low
BUILD_2083,AMD Ryzen 5 7600X,AMD Radeon RX 7700 XT,MSI MAG B650 Tomahawk,32GB DDR5,1440p,Yes,5%,General / Low
BUILD_2084,Intel Core i9-14900K,NVIDIA RTX 4080 Super,ASUS ROG Strix Z790,64GB DDR5,4K,Yes,4%,General / Low
BUILD_2085,AMD Ryzen 7 5700X3D,AMD Radeon RX 7800 XT,Gigabyte B550 AORUS Elite,32GB DDR4,1440p,Yes,7%,General / Low
BUILD_2086,Intel Core i3-12100F,NVIDIA RTX 3050,ASRock B760M,16GB DDR4,1080p,Yes,9%,General / Low
BUILD_2087,AMD Ryzen 7 7700X,NVIDIA RTX 4070,MSI MAG B650 Tomahawk,32GB DDR5,1440p,Yes,5%,General / Low
BUILD_2088,Intel Core i9-13900K,AMD Radeon RX 7900 XTX,ASUS ROG Strix Z790,64GB DDR5,4K,Yes,3%,General / Low
BUILD_2089,AMD Ryzen 5 7600,NVIDIA RTX 4060,MSI MAG B650 Tomahawk,16GB DDR5,1080p,Yes,7%,General / Low
BUILD_2090,Intel Core i5-14600K,AMD Radeon RX 7800 XT,ASRock B760M,32GB DDR5,1440p,Yes,4%,General / Low
BUILD_2091,AMD Ryzen 7 5800X,NVIDIA RTX 3070 Ti,Gigabyte B550 AORUS Elite,32GB DDR4,1440p,Yes,6%,General / Low
BUILD_2092,Intel Core i9-14900K,NVIDIA RTX 4090,ASUS ROG Strix Z790,64GB DDR5,4K,Yes,2%,General / Low
BUILD_2093,AMD Ryzen 7 7800X3D,AMD Radeon RX 7900 GRE,MSI MAG B650 Tomahawk,32GB DDR5,1440p,Yes,4%,General / Low
BUILD_2094,AMD Ryzen 9 9900X,NVIDIA RTX 4080 Super,MSI MAG B650 Tomahawk,32GB DDR5,4K,Yes,4%,General / Low
BUILD_2095,Intel Core i7-14700K,AMD Radeon RX 7900 XT,ASUS ROG Strix Z790,32GB DDR5,1440p,Yes,5%,General / Low
BUILD_2096,AMD Ryzen 5 8600G,NVIDIA RTX 4060,MSI MAG B650 Tomahawk,16GB DDR5,1080p,Yes,9%,General / Low
BUILD_2097,Intel Core i5-12600K,AMD Radeon RX 6800,ASRock B760M,32GB DDR4,1440p,Yes,6%,General / Low
BUILD_2098,AMD Ryzen 7 9700X,NVIDIA RTX 4070 Ti Super,MSI MAG B650 Tomahawk,32GB DDR5,1440p,Yes,3%,General / Low
BUILD_2099,Intel Core i3-14100F,NVIDIA RTX 3060,ASRock B760M,16GB DDR5,1080p,Yes,8%,General / Low
BUILD_2100,AMD Ryzen 5 7600X,AMD Radeon RX 7600 XT,MSI MAG B650 Tomahawk,16GB DDR5,1080p,Yes,6%,General / Low
BUILD_2101,Intel Core i9-12900K,NVIDIA RTX 3090 Ti,ASUS ROG Strix Z790,32GB DDR5,1440p,Yes,5%,General / Low
BUILD_2102,AMD Ryzen 7 5700X,NVIDIA RTX 4070,Gigabyte B550 AORUS Elite,32GB DDR4,1440p,Yes,8%,General / Low
BUILD_2103,AMD Ryzen 5 3600,AMD Radeon RX 6600 XT,Gigabyte B550 AORUS Elite,16GB DDR4,1080p,Yes,9%,General / Low
BUILD_2104,Intel Core i5-14400F,NVIDIA RTX 4070,ASRock B760M,32GB DDR5,1440p,Yes,7%,General / Low
BUILD_2105,AMD Ryzen 7 7800X3D,NVIDIA RTX 4070 Super,MSI MAG B650 Tomahawk,32GB DDR5,1440p,Yes,3%,General / Low
BUILD_2106,Intel Core i3-12100F,AMD Radeon RX 6600,ASUS ROG Strix Z790,16GB DDR4,1080p,Yes,7%,General / Low
BUILD_2107,AMD Ryzen 5 5600X,NVIDIA RTX 4060 Ti,Gigabyte B550 AORUS Elite,32GB DDR4,1080p,Yes,8%,General / Low
BUILD_2108,Intel Core i9-13900K,NVIDIA RTX 4090,ASUS ROG Strix Z790,64GB DDR5,4K,Yes,3%,General / Low
BUILD_2109,AMD Ryzen 7 7700X,AMD Radeon RX 7800 XT,MSI MAG B650 Tomahawk,32GB DDR5,1440p,Yes,4%,General / Low
BUILD_2110,AMD Ryzen 5 7500F,NVIDIA RTX 4060 Ti,MSI MAG B650 Tomahawk,16GB DDR5,1080p,Yes,5%,General / Low
BUILD_2111,Intel Core i5-12400,AMD Radeon RX 7600,ASRock B760M,16GB DDR4,1080p,Yes,6%,General / Low
BUILD_2112,AMD Ryzen 7 5800X3D,NVIDIA RTX 4070 Ti,Gigabyte B550 AORUS Elite,32GB DDR4,1440p,Yes,5%,General / Low
BUILD_2113,AMD Ryzen 5 5600,NVIDIA RTX 3060,Gigabyte B550 AORUS Elite,16GB DDR4,1080p,Yes,5%,General / Low
BUILD_2114,Intel Core i7-14700K,NVIDIA RTX 4080 Super,ASUS ROG Strix Z790,32GB DDR5,4K,Yes,3%,General / Low
BUILD_2115,AMD Ryzen 9 7950X3D,NVIDIA RTX 4090,MSI MAG B650 Tomahawk,64GB DDR5,4K,Yes,2%,General / Low
BUILD_2116,Intel Core i5-13600K,AMD Radeon RX 7700 XT,ASRock B760M,32GB DDR5,1440p,Yes,6%,General / Low
BUILD_2117,Intel Core i3-13100F,AMD Radeon RX 6600,ASRock B760M,16GB DDR5,1080p,Yes,6%,General / Low
BUILD_2118,AMD Ryzen 5 7600X,NVIDIA RTX 4070 Super,MSI MAG B650 Tomahawk,32GB DDR5,1440p,Yes,4%,General / Low